player_id,player,idPlayer,urlPlayerThumbnail
3731,Aaron Brooks,201166,https://ak-static.cms.nba.com/wp-content/uploads/headshots/nba/latest/260x190/201166.png
3734,Al Horford,201143,https://ak-static.cms.nba.com/wp-content/uploads/headshots/nba/latest/260x190/201143.png
3496,Al Jefferson,2744,https://ak-static.cms.nba.com/wp-content/uploads/headshots/nba/latest/260x190/2744.png
3567,Alan Anderson,101187,https://ak-static.cms.nba.com/wp-content/uploads/headshots/nba/latest/260x190/101187.png
4143,Allen Crabbe,203459,https://ak-static.cms.nba.com/wp-content/uploads/headshots/nba/latest/260x190/203459.png
3858,Alonzo Gee,202087,https://ak-static.cms.nba.com/wp-content/uploads/headshots/nba/latest/260x190/202087.png
3497,Anderson Varejão,2760,https://ak-static.cms.nba.com/wp-content/uploads/headshots/nba/latest/260x190/2760.png
4064,Andre Drummond,203083,https://ak-static.cms.nba.com/wp-content/uploads/headshots/nba/latest/260x190/203083.png
3171,Andre Miller,1889,https://ak-static.cms.nba.com/wp-content/uploads/headshots/nba/latest/260x190/1889.png
4065,Andrew Nicholson,203094,https://ak-static.cms.nba.com/wp-content/uploads/headshots/nba/latest/260x190/203094.png
4145,Anthony Bennett,203461,https://ak-static.cms.nba.com/wp-content/uploads/headshots/nba/latest/260x190/203461.png
3798,Anthony Tolliver,201229,https://ak-static.cms.nba.com/wp-content/uploads/headshots/nba/latest/260x190/201229.png
3737,Arron Afflalo,201167,https://ak-static.cms.nba.com/wp-content/uploads/headshots/nba/latest/260x190/201167.png
4069,Austin Rivers,203085,https://ak-static.cms.nba.com/wp-content/uploads/headshots/nba/latest/260x190/203085.png
3506,Beno Udrih,2757,https://ak-static.cms.nba.com/wp-content/uploads/headshots/nba/latest/260x190/2757.png
3984,Bismack Biyombo,202687,https://ak-static.cms.nba.com/wp-content/uploads/headshots/nba/latest/260x190/202687.png
4306,Boban Marjanović,1626246,https://ak-static.cms.nba.com/wp-content/uploads/headshots/nba/latest/260x190/1626246.png
4072,Bradley Beal,203078,https://ak-static.cms.nba.com/wp-content/uploads/headshots/nba/latest/260x190/203078.png
3581,Brandon Bass,101138,https://ak-static.cms.nba.com/wp-content/uploads/headshots/nba/latest/260x190/101138.png
3861,Brandon Jennings,201943,https://ak-static.cms.nba.com/wp-content/uploads/headshots/nba/latest/260x190/201943.png
3800,Brandon Rush,201575,https://ak-static.cms.nba.com/wp-content/uploads/headshots/nba/latest/260x190/201575.png
4073,Brian Roberts,203148,https://ak-static.cms.nba.com/wp-content/uploads/headshots/nba/latest/260x190/203148.png
3987,Chandler Parsons,202718,https://ak-static.cms.nba.com/wp-content/uploads/headshots/nba/latest/260x190/202718.png
3584,Charlie Villanueva,101111,https://ak-static.cms.nba.com/wp-content/uploads/headshots/nba/latest/260x190/101111.png
3864,Chase Budinger,201978,https://ak-static.cms.nba.com/wp-content/uploads/headshots/nba/latest/260x190/201978.png
3307,Chris Andersen,2365,https://ak-static.cms.nba.com/wp-content/uploads/headshots/nba/latest/260x190/2365.png
4074,Chris Copeland,203142,https://ak-static.cms.nba.com/wp-content/uploads/headshots/nba/latest/260x190/203142.png
3437,Chris Kaman,2549,https://ak-static.cms.nba.com/wp-content/uploads/headshots/nba/latest/260x190/2549.png
4313,Christian Wood,1626174,https://ak-static.cms.nba.com/wp-content/uploads/headshots/nba/latest/260x190/1626174.png
3587,Chuck Hayes,101236,https://ak-static.cms.nba.com/wp-content/uploads/headshots/nba/latest/260x190/101236.png
4229,Cleanthony Early,203921,https://ak-static.cms.nba.com/wp-content/uploads/headshots/nba/latest/260x190/203921.png
3923,Cole Aldrich,202332,https://ak-static.cms.nba.com/wp-content/uploads/headshots/nba/latest/260x190/202332.png
4231,Cory Jefferson,203928,https://ak-static.cms.nba.com/wp-content/uploads/headshots/nba/latest/260x190/203928.png
3804,Courtney Lee,201584,https://ak-static.cms.nba.com/wp-content/uploads/headshots/nba/latest/260x190/201584.png
3805,D.J. Augustin,201571,https://ak-static.cms.nba.com/wp-content/uploads/headshots/nba/latest/260x190/201571.png
4232,Damjan Rudež,204014,https://ak-static.cms.nba.com/wp-content/uploads/headshots/nba/latest/260x190/204014.png
3809,Darrell Arthur,201589,https://ak-static.cms.nba.com/wp-content/uploads/headshots/nba/latest/260x190/201589.png
3590,David Lee,101135,https://ak-static.cms.nba.com/wp-content/uploads/headshots/nba/latest/260x190/101135.png
3442,David West,2561,https://ak-static.cms.nba.com/wp-content/uploads/headshots/nba/latest/260x190/2561.png
3872,DeMar DeRozan,201942,https://ak-static.cms.nba.com/wp-content/uploads/headshots/nba/latest/260x190/201942.png
3592,Deron Williams,101114,https://ak-static.cms.nba.com/wp-content/uploads/headshots/nba/latest/260x190/101114.png
4001,Derrick Williams,202682,https://ak-static.cms.nba.com/wp-content/uploads/headshots/nba/latest/260x190/202682.png
4158,Dewayne Dedmon,203473,https://ak-static.cms.nba.com/wp-content/uploads/headshots/nba/latest/260x190/203473.png
4082,Dion Waiters,203079,https://ak-static.cms.nba.com/wp-content/uploads/headshots/nba/latest/260x190/203079.png
3116,Dirk Nowitzki,1717,https://ak-static.cms.nba.com/wp-content/uploads/headshots/nba/latest/260x190/1717.png
4083,Donatas Motiejūnas,202700,https://ak-static.cms.nba.com/wp-content/uploads/headshots/nba/latest/260x190/202700.png
3380,Drew Gooden,2400,https://ak-static.cms.nba.com/wp-content/uploads/headshots/nba/latest/260x190/2400.png
3520,Dwight Howard,2730,https://ak-static.cms.nba.com/wp-content/uploads/headshots/nba/latest/260x190/2730.png
4239,Dwight Powell,203939,https://ak-static.cms.nba.com/wp-content/uploads/headshots/nba/latest/260x190/203939.png
3445,Dwyane Wade,2548,https://ak-static.cms.nba.com/wp-content/uploads/headshots/nba/latest/260x190/2548.png
4003,E'Twaun Moore,202734,https://ak-static.cms.nba.com/wp-content/uploads/headshots/nba/latest/260x190/202734.png
3815,Eric Gordon,201569,https://ak-static.cms.nba.com/wp-content/uploads/headshots/nba/latest/260x190/201569.png
4242,Eric Moreland,203961,https://ak-static.cms.nba.com/wp-content/uploads/headshots/nba/latest/260x190/203961.png
4086,Evan Fournier,203095,https://ak-static.cms.nba.com/wp-content/uploads/headshots/nba/latest/260x190/203095.png
3936,Evan Turner,202323,https://ak-static.cms.nba.com/wp-content/uploads/headshots/nba/latest/260x190/202323.png
4088,Festus Ezeli,203105,https://ak-static.cms.nba.com/wp-content/uploads/headshots/nba/latest/260x190/203105.png
3877,Garrett Temple,202066,https://ak-static.cms.nba.com/wp-content/uploads/headshots/nba/latest/260x190/202066.png
3940,Gary Neal,202390,https://ak-static.cms.nba.com/wp-content/uploads/headshots/nba/latest/260x190/202390.png
3604,Gerald Green,101123,https://ak-static.cms.nba.com/wp-content/uploads/headshots/nba/latest/260x190/101123.png
3878,Gerald Henderson,201945,https://ak-static.cms.nba.com/wp-content/uploads/headshots/nba/latest/260x190/201945.png
4008,Greg Smith,202962,https://ak-static.cms.nba.com/wp-content/uploads/headshots/nba/latest/260x190/202962.png
3943,Greivis Vásquez,202349,https://ak-static.cms.nba.com/wp-content/uploads/headshots/nba/latest/260x190/202349.png
4089,Harrison Barnes,203084,https://ak-static.cms.nba.com/wp-content/uploads/headshots/nba/latest/260x190/203084.png
3945,Hassan Whiteside,202355,https://ak-static.cms.nba.com/wp-content/uploads/headshots/nba/latest/260x190/202355.png
4169,Ian Clark,203546,https://ak-static.cms.nba.com/wp-content/uploads/headshots/nba/latest/260x190/203546.png
3756,Ian Mahinmi,101133,https://ak-static.cms.nba.com/wp-content/uploads/headshots/nba/latest/260x190/101133.png
4170,Isaiah Canaan,203477,https://ak-static.cms.nba.com/wp-content/uploads/headshots/nba/latest/260x190/203477.png
3946,Ish Smith,202397,https://ak-static.cms.nba.com/wp-content/uploads/headshots/nba/latest/260x190/202397.png
3258,Jamal Crawford,2037,https://ak-static.cms.nba.com/wp-content/uploads/headshots/nba/latest/260x190/2037.png
3881,James Johnson,201949,https://ak-static.cms.nba.com/wp-content/uploads/headshots/nba/latest/260x190/201949.png
3449,James Jones,2592,https://ak-static.cms.nba.com/wp-content/uploads/headshots/nba/latest/260x190/2592.png
4253,James Michael McAdoo,203949,https://ak-static.cms.nba.com/wp-content/uploads/headshots/nba/latest/260x190/203949.png
3758,Jared Dudley,201162,https://ak-static.cms.nba.com/wp-content/uploads/headshots/nba/latest/260x190/201162.png
4093,Jared Sullinger,203096,https://ak-static.cms.nba.com/wp-content/uploads/headshots/nba/latest/260x190/203096.png
3608,Jarrett Jack,101127,https://ak-static.cms.nba.com/wp-content/uploads/headshots/nba/latest/260x190/101127.png
3759,Jason Smith,201160,https://ak-static.cms.nba.com/wp-content/uploads/headshots/nba/latest/260x190/201160.png
3194,Jason Terry,1891,https://ak-static.cms.nba.com/wp-content/uploads/headshots/nba/latest/260x190/1891.png
3761,Jeff Green,201145,https://ak-static.cms.nba.com/wp-content/uploads/headshots/nba/latest/260x190/201145.png
3950,Jeremy Lin,202391,https://ak-static.cms.nba.com/wp-content/uploads/headshots/nba/latest/260x190/202391.png
3826,Jerryd Bayless,201573,https://ak-static.cms.nba.com/wp-content/uploads/headshots/nba/latest/260x190/201573.png
3763,Joakim Noah,201149,https://ak-static.cms.nba.com/wp-content/uploads/headshots/nba/latest/260x190/201149.png
4260,Joe Harris,203925,https://ak-static.cms.nba.com/wp-content/uploads/headshots/nba/latest/260x190/203925.png
3327,Joe Johnson,2207,https://ak-static.cms.nba.com/wp-content/uploads/headshots/nba/latest/260x190/2207.png
4024,Jon Leuer,202720,https://ak-static.cms.nba.com/wp-content/uploads/headshots/nba/latest/260x190/202720.png
4265,Jordan Clarkson,203903,https://ak-static.cms.nba.com/wp-content/uploads/headshots/nba/latest/260x190/203903.png
3890,Jordan Hill,201941,https://ak-static.cms.nba.com/wp-content/uploads/headshots/nba/latest/260x190/201941.png
3535,Josh Smith,2746,https://ak-static.cms.nba.com/wp-content/uploads/headshots/nba/latest/260x190/2746.png
3458,Kendrick Perkins,2570,https://ak-static.cms.nba.com/wp-content/uploads/headshots/nba/latest/260x190/2570.png
4104,Kent Bazemore,203145,https://ak-static.cms.nba.com/wp-content/uploads/headshots/nba/latest/260x190/203145.png
3770,Kevin Durant,201142,https://ak-static.cms.nba.com/wp-content/uploads/headshots/nba/latest/260x190/201142.png
3537,Kevin Martin,2755,https://ak-static.cms.nba.com/wp-content/uploads/headshots/nba/latest/260x190/2755.png
3953,Kevin Séraphin,202338,https://ak-static.cms.nba.com/wp-content/uploads/headshots/nba/latest/260x190/202338.png
3459,Kirk Hinrich,2550,https://ak-static.cms.nba.com/wp-content/uploads/headshots/nba/latest/260x190/2550.png
3539,Kris Humphries,2743,https://ak-static.cms.nba.com/wp-content/uploads/headshots/nba/latest/260x190/2743.png
3954,Lance Stephenson,202362,https://ak-static.cms.nba.com/wp-content/uploads/headshots/nba/latest/260x190/202362.png
4038,Lance Thomas,202498,https://ak-static.cms.nba.com/wp-content/uploads/headshots/nba/latest/260x190/202498.png
4272,Langston Galloway,204038,https://ak-static.cms.nba.com/wp-content/uploads/headshots/nba/latest/260x190/204038.png
3462,Leandro Barbosa,2571,https://ak-static.cms.nba.com/wp-content/uploads/headshots/nba/latest/260x190/2571.png
3463,LeBron James,2544,https://ak-static.cms.nba.com/wp-content/uploads/headshots/nba/latest/260x190/2544.png
3688,Lou Amundson,200811,https://ak-static.cms.nba.com/wp-content/uploads/headshots/nba/latest/260x190/200811.png
3833,Luc Mbah a Moute,201601,https://ak-static.cms.nba.com/wp-content/uploads/headshots/nba/latest/260x190/201601.png
3774,Luis Scola,2449,https://ak-static.cms.nba.com/wp-content/uploads/headshots/nba/latest/260x190/2449.png
3543,Luol Deng,2736,https://ak-static.cms.nba.com/wp-content/uploads/headshots/nba/latest/260x190/2736.png
3401,Manu Ginóbili,1938,https://ak-static.cms.nba.com/wp-content/uploads/headshots/nba/latest/260x190/1938.png
4347,Marcelo Huertas,1626273,https://ak-static.cms.nba.com/wp-content/uploads/headshots/nba/latest/260x190/1626273.png
3894,Marcus Thornton,201977,https://ak-static.cms.nba.com/wp-content/uploads/headshots/nba/latest/260x190/201977.png
3836,Mario Chalmers,201596,https://ak-static.cms.nba.com/wp-content/uploads/headshots/nba/latest/260x190/201596.png
4276,Markel Brown,203900,https://ak-static.cms.nba.com/wp-content/uploads/headshots/nba/latest/260x190/203900.png
3837,Marreese Speights,201578,https://ak-static.cms.nba.com/wp-content/uploads/headshots/nba/latest/260x190/201578.png
3624,Marvin Williams,101107,https://ak-static.cms.nba.com/wp-content/uploads/headshots/nba/latest/260x190/101107.png
3470,Matt Barnes,2440,https://ak-static.cms.nba.com/wp-content/uploads/headshots/nba/latest/260x190/2440.png
3546,Matt Bonner,2588,https://ak-static.cms.nba.com/wp-content/uploads/headshots/nba/latest/260x190/2588.png
4181,Matthew Dellavedova,203521,https://ak-static.cms.nba.com/wp-content/uploads/headshots/nba/latest/260x190/203521.png
4115,Maurice Harkless,203090,https://ak-static.cms.nba.com/wp-content/uploads/headshots/nba/latest/260x190/203090.png
3205,Metta World Peace,1897,https://ak-static.cms.nba.com/wp-content/uploads/headshots/nba/latest/260x190/1897.png
4116,Meyers Leonard,203086,https://ak-static.cms.nba.com/wp-content/uploads/headshots/nba/latest/260x190/203086.png
3779,Mike Conley,201144,https://ak-static.cms.nba.com/wp-content/uploads/headshots/nba/latest/260x190/201144.png
3276,Mike Miller,2034,https://ak-static.cms.nba.com/wp-content/uploads/headshots/nba/latest/260x190/2034.png
4119,Miles Plumlee,203101,https://ak-static.cms.nba.com/wp-content/uploads/headshots/nba/latest/260x190/203101.png
4120,Mirza Teletović,203141,https://ak-static.cms.nba.com/wp-content/uploads/headshots/nba/latest/260x190/203141.png
3410,Nenê,2403,https://ak-static.cms.nba.com/wp-content/uploads/headshots/nba/latest/260x190/2403.png
3841,Nicolas Batum,201587,https://ak-static.cms.nba.com/wp-content/uploads/headshots/nba/latest/260x190/201587.png
4049,Norris Cole,202708,https://ak-static.cms.nba.com/wp-content/uploads/headshots/nba/latest/260x190/202708.png
4123,Pablo Prigioni,203143,https://ak-static.cms.nba.com/wp-content/uploads/headshots/nba/latest/260x190/203143.png
3342,Pau Gasol,2200,https://ak-static.cms.nba.com/wp-content/uploads/headshots/nba/latest/260x190/2200.png
4192,Phil Pressey,203515,https://ak-static.cms.nba.com/wp-content/uploads/headshots/nba/latest/260x190/203515.png
4126,Quincy Acy,203112,https://ak-static.cms.nba.com/wp-content/uploads/headshots/nba/latest/260x190/203112.png
3704,Rajon Rondo,200765,https://ak-static.cms.nba.com/wp-content/uploads/headshots/nba/latest/260x190/200765.png
3785,Ramon Sessions,201196,https://ak-static.cms.nba.com/wp-content/uploads/headshots/nba/latest/260x190/201196.png
3706,Randy Foye,200751,https://ak-static.cms.nba.com/wp-content/uploads/headshots/nba/latest/260x190/200751.png
3416,Rasual Butler,2446,https://ak-static.cms.nba.com/wp-content/uploads/headshots/nba/latest/260x190/2446.png
4193,Ray McCallum,203492,https://ak-static.cms.nba.com/wp-content/uploads/headshots/nba/latest/260x190/203492.png
3634,Raymond Felton,101109,https://ak-static.cms.nba.com/wp-content/uploads/headshots/nba/latest/260x190/101109.png
3346,Richard Jefferson,2210,https://ak-static.cms.nba.com/wp-content/uploads/headshots/nba/latest/260x190/2210.png
4128,Robert Sacre,203135,https://ak-static.cms.nba.com/wp-content/uploads/headshots/nba/latest/260x190/203135.png
3636,Ronnie Price,101179,https://ak-static.cms.nba.com/wp-content/uploads/headshots/nba/latest/260x190/101179.png
3847,Roy Hibbert,201579,https://ak-static.cms.nba.com/wp-content/uploads/headshots/nba/latest/260x190/201579.png
3850,Ryan Anderson,201583,https://ak-static.cms.nba.com/wp-content/uploads/headshots/nba/latest/260x190/201583.png
4200,Ryan Kelly,203527,https://ak-static.cms.nba.com/wp-content/uploads/headshots/nba/latest/260x190/203527.png
3558,Sasha Vujačić,2756,https://ak-static.cms.nba.com/wp-content/uploads/headshots/nba/latest/260x190/2756.png
4203,Seth Curry,203552,https://ak-static.cms.nba.com/wp-content/uploads/headshots/nba/latest/260x190/203552.png
4207,Solomon Hill,203524,https://ak-static.cms.nba.com/wp-content/uploads/headshots/nba/latest/260x190/203524.png
3484,Steve Blake,2581,https://ak-static.cms.nba.com/wp-content/uploads/headshots/nba/latest/260x190/2581.png
3720,Steve Novak,200779,https://ak-static.cms.nba.com/wp-content/uploads/headshots/nba/latest/260x190/200779.png
4293,Tarik Black,204028,https://ak-static.cms.nba.com/wp-content/uploads/headshots/nba/latest/260x190/204028.png
3425,Tayshaun Prince,2419,https://ak-static.cms.nba.com/wp-content/uploads/headshots/nba/latest/260x190/2419.png
4130,Terrence Jones,203093,https://ak-static.cms.nba.com/wp-content/uploads/headshots/nba/latest/260x190/203093.png
4132,Thomas Robinson,203080,https://ak-static.cms.nba.com/wp-content/uploads/headshots/nba/latest/260x190/203080.png
4294,Tim Frazier,204025,https://ak-static.cms.nba.com/wp-content/uploads/headshots/nba/latest/260x190/204025.png
3976,Timofey Mozgov,202389,https://ak-static.cms.nba.com/wp-content/uploads/headshots/nba/latest/260x190/202389.png
3977,Trevor Booker,202344,https://ak-static.cms.nba.com/wp-content/uploads/headshots/nba/latest/260x190/202344.png
4215,Troy Daniels,203584,https://ak-static.cms.nba.com/wp-content/uploads/headshots/nba/latest/260x190/203584.png
3910,Ty Lawson,201951,https://ak-static.cms.nba.com/wp-content/uploads/headshots/nba/latest/260x190/201951.png
3911,Tyler Hansbrough,201946,https://ak-static.cms.nba.com/wp-content/uploads/headshots/nba/latest/260x190/201946.png
4297,Tyler Johnson,204020,https://ak-static.cms.nba.com/wp-content/uploads/headshots/nba/latest/260x190/204020.png
4136,Tyler Zeller,203092,https://ak-static.cms.nba.com/wp-content/uploads/headshots/nba/latest/260x190/203092.png
3491,Udonis Haslem,2617,https://ak-static.cms.nba.com/wp-content/uploads/headshots/nba/latest/260x190/2617.png
3913,Wayne Ellington,201961,https://ak-static.cms.nba.com/wp-content/uploads/headshots/nba/latest/260x190/201961.png
3978,Wesley Johnson,202325,https://ak-static.cms.nba.com/wp-content/uploads/headshots/nba/latest/260x190/202325.png
4372,Willie Reed,203186,https://ak-static.cms.nba.com/wp-content/uploads/headshots/nba/latest/260x190/203186.png
3494,Zaza Pachulia,2585,https://ak-static.cms.nba.com/wp-content/uploads/headshots/nba/latest/260x190/2585.png
4220,Adreian Payne,203940,https://ak-static.cms.nba.com/wp-content/uploads/headshots/nba/latest/260x190/203940.png
4302,Alan Williams,1626210,https://ak-static.cms.nba.com/wp-content/uploads/headshots/nba/latest/260x190/1626210.png
4142,Alex Len,203458,https://ak-static.cms.nba.com/wp-content/uploads/headshots/nba/latest/260x190/203458.png
4376,Alex Poythress,1627816,https://ak-static.cms.nba.com/wp-content/uploads/headshots/nba/latest/260x190/1627816.png
3570,Amir Johnson,101161,https://ak-static.cms.nba.com/wp-content/uploads/headshots/nba/latest/260x190/101161.png
3500,Andre Iguodala,2738,https://ak-static.cms.nba.com/wp-content/uploads/headshots/nba/latest/260x190/2738.png
4144,Andre Roberson,203460,https://ak-static.cms.nba.com/wp-content/uploads/headshots/nba/latest/260x190/203460.png
3573,Andrew Bogut,101106,https://ak-static.cms.nba.com/wp-content/uploads/headshots/nba/latest/260x190/101106.png
3796,Anthony Morrow,201627,https://ak-static.cms.nba.com/wp-content/uploads/headshots/nba/latest/260x190/201627.png
4146,Archie Goodwin,203462,https://ak-static.cms.nba.com/wp-content/uploads/headshots/nba/latest/260x190/203462.png
4068,Aron Baynes,203382,https://ak-static.cms.nba.com/wp-content/uploads/headshots/nba/latest/260x190/203382.png
4148,Ben McLemore,203463,https://ak-static.cms.nba.com/wp-content/uploads/headshots/nba/latest/260x190/203463.png
3920,Blake Griffin,201933,https://ak-static.cms.nba.com/wp-content/uploads/headshots/nba/latest/260x190/201933.png
3799,Bobby Brown,201628,https://ak-static.cms.nba.com/wp-content/uploads/headshots/nba/latest/260x190/201628.png
4224,Bojan Bogdanović,202711,https://ak-static.cms.nba.com/wp-content/uploads/headshots/nba/latest/260x190/202711.png
3431,Boris Diaw,2564,https://ak-static.cms.nba.com/wp-content/uploads/headshots/nba/latest/260x190/2564.png
4309,Briante Weber,1627362,https://ak-static.cms.nba.com/wp-content/uploads/headshots/nba/latest/260x190/1627362.png
3740,C.J. Watson,201228,https://ak-static.cms.nba.com/wp-content/uploads/headshots/nba/latest/260x190/201228.png
4227,C.J. Wilcox,203912,https://ak-static.cms.nba.com/wp-content/uploads/headshots/nba/latest/260x190/203912.png
4316,Cristiano Felício,1626245,https://ak-static.cms.nba.com/wp-content/uploads/headshots/nba/latest/260x190/1626245.png
3807,Danilo Gallinari,201568,https://ak-static.cms.nba.com/wp-content/uploads/headshots/nba/latest/260x190/201568.png
3868,Dante Cunningham,201967,https://ak-static.cms.nba.com/wp-content/uploads/headshots/nba/latest/260x190/201967.png
3869,Darren Collison,201954,https://ak-static.cms.nba.com/wp-content/uploads/headshots/nba/latest/260x190/201954.png
4395,Demetrius Jackson,1627743,https://ak-static.cms.nba.com/wp-content/uploads/headshots/nba/latest/260x190/1627743.png
3812,Derrick Rose,201565,https://ak-static.cms.nba.com/wp-content/uploads/headshots/nba/latest/260x190/201565.png
3669,Ersan İlyasova,101141,https://ak-static.cms.nba.com/wp-content/uploads/headshots/nba/latest/260x190/101141.png
3816,George Hill,201588,https://ak-static.cms.nba.com/wp-content/uploads/headshots/nba/latest/260x190/201588.png
4405,Georges Niang,1627777,https://ak-static.cms.nba.com/wp-content/uploads/headshots/nba/latest/260x190/1627777.png
3941,Gordon Hayward,202330,https://ak-static.cms.nba.com/wp-content/uploads/headshots/nba/latest/260x190/202330.png
4254,James Young,203923,https://ak-static.cms.nba.com/wp-content/uploads/headshots/nba/latest/260x190/203923.png
4255,JaMychal Green,203210,https://ak-static.cms.nba.com/wp-content/uploads/headshots/nba/latest/260x190/203210.png
4414,Jarrod Uthoff,1627784,https://ak-static.cms.nba.com/wp-content/uploads/headshots/nba/latest/260x190/1627784.png
3824,JaVale McGee,201580,https://ak-static.cms.nba.com/wp-content/uploads/headshots/nba/latest/260x190/201580.png
3884,Jeff Teague,201952,https://ak-static.cms.nba.com/wp-content/uploads/headshots/nba/latest/260x190/201952.png
4174,Jeff Withey,203481,https://ak-static.cms.nba.com/wp-content/uploads/headshots/nba/latest/260x190/203481.png
3886,Jodie Meeks,201975,https://ak-static.cms.nba.com/wp-content/uploads/headshots/nba/latest/260x190/201975.png
4261,Joe Ingles,204060,https://ak-static.cms.nba.com/wp-content/uploads/headshots/nba/latest/260x190/204060.png
3764,Joel Anthony,201202,https://ak-static.cms.nba.com/wp-content/uploads/headshots/nba/latest/260x190/201202.png
4262,Joffrey Lauvergne,203530,https://ak-static.cms.nba.com/wp-content/uploads/headshots/nba/latest/260x190/203530.png
4332,Jonathon Simmons,203613,https://ak-static.cms.nba.com/wp-content/uploads/headshots/nba/latest/260x190/203613.png
4333,Jordan McRae,203895,https://ak-static.cms.nba.com/wp-content/uploads/headshots/nba/latest/260x190/203895.png
4334,Jordan Mickey,1626175,https://ak-static.cms.nba.com/wp-content/uploads/headshots/nba/latest/260x190/1626175.png
3613,José Calderón,101181,https://ak-static.cms.nba.com/wp-content/uploads/headshots/nba/latest/260x190/101181.png
3765,Josh McRoberts,201177,https://ak-static.cms.nba.com/wp-content/uploads/headshots/nba/latest/260x190/201177.png
3891,Jrue Holiday,201950,https://ak-static.cms.nba.com/wp-content/uploads/headshots/nba/latest/260x190/201950.png
4176,Justin Hamilton,203120,https://ak-static.cms.nba.com/wp-content/uploads/headshots/nba/latest/260x190/203120.png
4102,Justin Holiday,203200,https://ak-static.cms.nba.com/wp-content/uploads/headshots/nba/latest/260x190/203200.png
4177,Kelly Olynyk,203482,https://ak-static.cms.nba.com/wp-content/uploads/headshots/nba/latest/260x190/203482.png
4178,Kentavious Caldwell-Pope,203484,https://ak-static.cms.nba.com/wp-content/uploads/headshots/nba/latest/260x190/203484.png
3461,Kyle Korver,2594,https://ak-static.cms.nba.com/wp-content/uploads/headshots/nba/latest/260x190/2594.png
3685,Kyle Lowry,200768,https://ak-static.cms.nba.com/wp-content/uploads/headshots/nba/latest/260x190/200768.png
4422,Kyle Wiltjer,1627787,https://ak-static.cms.nba.com/wp-content/uploads/headshots/nba/latest/260x190/1627787.png
4039,Lavoy Allen,202730,https://ak-static.cms.nba.com/wp-content/uploads/headshots/nba/latest/260x190/202730.png
3959,Luke Babbitt,202337,https://ak-static.cms.nba.com/wp-content/uploads/headshots/nba/latest/260x190/202337.png
4429,Marshall Plumlee,1627850,https://ak-static.cms.nba.com/wp-content/uploads/headshots/nba/latest/260x190/1627850.png
4180,Mason Plumlee,203486,https://ak-static.cms.nba.com/wp-content/uploads/headshots/nba/latest/260x190/203486.png
4430,Maurice Ndour,1626254,https://ak-static.cms.nba.com/wp-content/uploads/headshots/nba/latest/260x190/1626254.png
3838,Michael Beasley,201563,https://ak-static.cms.nba.com/wp-content/uploads/headshots/nba/latest/260x190/201563.png
4182,Michael Carter-Williams,203487,https://ak-static.cms.nba.com/wp-content/uploads/headshots/nba/latest/260x190/203487.png
4431,Michael Gbinije,1627771,https://ak-static.cms.nba.com/wp-content/uploads/headshots/nba/latest/260x190/1627771.png
3407,Mike Dunleavy,2399,https://ak-static.cms.nba.com/wp-content/uploads/headshots/nba/latest/260x190/2399.png
4183,Mike Muscala,203488,https://ak-static.cms.nba.com/wp-content/uploads/headshots/nba/latest/260x190/203488.png
4118,Mike Scott,203118,https://ak-static.cms.nba.com/wp-content/uploads/headshots/nba/latest/260x190/203118.png
3627,Monta Ellis,101145,https://ak-static.cms.nba.com/wp-content/uploads/headshots/nba/latest/260x190/101145.png
4278,Nerlens Noel,203457,https://ak-static.cms.nba.com/wp-content/uploads/headshots/nba/latest/260x190/203457.png
3550,Nick Collison,2555,https://ak-static.cms.nba.com/wp-content/uploads/headshots/nba/latest/260x190/2555.png
3783,Nick Young,201156,https://ak-static.cms.nba.com/wp-content/uploads/headshots/nba/latest/260x190/201156.png
4281,Nikola Mirotić,202703,https://ak-static.cms.nba.com/wp-content/uploads/headshots/nba/latest/260x190/202703.png
3896,Omri Casspi,201956,https://ak-static.cms.nba.com/wp-content/uploads/headshots/nba/latest/260x190/201956.png
3698,P.J. Tucker,200782,https://ak-static.cms.nba.com/wp-content/uploads/headshots/nba/latest/260x190/200782.png
3968,Patrick Patterson,202335,https://ak-static.cms.nba.com/wp-content/uploads/headshots/nba/latest/260x190/202335.png
3898,Patty Mills,201988,https://ak-static.cms.nba.com/wp-content/uploads/headshots/nba/latest/260x190/201988.png
3701,Paul Millsap,200794,https://ak-static.cms.nba.com/wp-content/uploads/headshots/nba/latest/260x190/200794.png
3146,Paul Pierce,1718,https://ak-static.cms.nba.com/wp-content/uploads/headshots/nba/latest/260x190/1718.png
4356,Rakeem Christmas,1626176,https://ak-static.cms.nba.com/wp-content/uploads/headshots/nba/latest/260x190/1626176.png
4194,Reggie Bullock,203493,https://ak-static.cms.nba.com/wp-content/uploads/headshots/nba/latest/260x190/203493.png
3786,Rodney Stuckey,201155,https://ak-static.cms.nba.com/wp-content/uploads/headshots/nba/latest/260x190/201155.png
4444,Ron Baker,1627758,https://ak-static.cms.nba.com/wp-content/uploads/headshots/nba/latest/260x190/1627758.png
3713,Rudy Gay,200752,https://ak-static.cms.nba.com/wp-content/uploads/headshots/nba/latest/260x190/200752.png
3902,Serge Ibaka,201586,https://ak-static.cms.nba.com/wp-content/uploads/headshots/nba/latest/260x190/201586.png
3715,Sergio Rodríguez,200771,https://ak-static.cms.nba.com/wp-content/uploads/headshots/nba/latest/260x190/200771.png
4204,Shabazz Muhammad,203498,https://ak-static.cms.nba.com/wp-content/uploads/headshots/nba/latest/260x190/203498.png
3560,Shaun Livingston,2733,https://ak-static.cms.nba.com/wp-content/uploads/headshots/nba/latest/260x190/2733.png
4053,Shelvin Mack,202714,https://ak-static.cms.nba.com/wp-content/uploads/headshots/nba/latest/260x190/202714.png
3903,Stephen Curry,201939,https://ak-static.cms.nba.com/wp-content/uploads/headshots/nba/latest/260x190/201939.png
4449,Stephen Zimmerman,1627757,https://ak-static.cms.nba.com/wp-content/uploads/headshots/nba/latest/260x190/1627757.png
3905,Taj Gibson,201959,https://ak-static.cms.nba.com/wp-content/uploads/headshots/nba/latest/260x190/201959.png
3723,Thabo Sefolosha,200757,https://ak-static.cms.nba.com/wp-content/uploads/headshots/nba/latest/260x190/200757.png
3975,Tiago Splitter,201168,https://ak-static.cms.nba.com/wp-content/uploads/headshots/nba/latest/260x190/201168.png
4209,Tim Hardaway Jr.,203501,https://ak-static.cms.nba.com/wp-content/uploads/headshots/nba/latest/260x190/203501.png
3561,Tony Allen,2754,https://ak-static.cms.nba.com/wp-content/uploads/headshots/nba/latest/260x190/2754.png
4212,Tony Snell,203503,https://ak-static.cms.nba.com/wp-content/uploads/headshots/nba/latest/260x190/203503.png
4214,Trey Burke,203504,https://ak-static.cms.nba.com/wp-content/uploads/headshots/nba/latest/260x190/203504.png
4456,Troy Williams,1627786,https://ak-static.cms.nba.com/wp-content/uploads/headshots/nba/latest/260x190/1627786.png
4296,Tyler Ennis,203898,https://ak-static.cms.nba.com/wp-content/uploads/headshots/nba/latest/260x190/203898.png
3912,Tyreke Evans,201936,https://ak-static.cms.nba.com/wp-content/uploads/headshots/nba/latest/260x190/201936.png
3166,Vince Carter,1713,https://ak-static.cms.nba.com/wp-content/uploads/headshots/nba/latest/260x190/1713.png
4459,Wayne Selden,1627782,https://ak-static.cms.nba.com/wp-content/uploads/headshots/nba/latest/260x190/1627782.png
3363,Zach Randolph,2216,https://ak-static.cms.nba.com/wp-content/uploads/headshots/nba/latest/260x190/2216.png
4219,Aaron Gordon,203932,https://ak-static.cms.nba.com/wp-content/uploads/headshots/nba/latest/260x190/203932.png
4301,Aaron Harrison,1626151,https://ak-static.cms.nba.com/wp-content/uploads/headshots/nba/latest/260x190/1626151.png
4462,Aaron Jackson,1628935,https://ak-static.cms.nba.com/wp-content/uploads/headshots/nba/latest/260x190/1628935.png
4463,Abdel Nader,1627846,https://ak-static.cms.nba.com/wp-content/uploads/headshots/nba/latest/260x190/1627846.png
4464,Alec Peters,1628409,https://ak-static.cms.nba.com/wp-content/uploads/headshots/nba/latest/260x190/1628409.png
4466,Alfonzo McKinnie,1628035,https://ak-static.cms.nba.com/wp-content/uploads/headshots/nba/latest/260x190/1628035.png
4467,Andre Ingram,201281,https://ak-static.cms.nba.com/wp-content/uploads/headshots/nba/latest/260x190/201281.png
4471,Antonius Cleveland,1628499,https://ak-static.cms.nba.com/wp-content/uploads/headshots/nba/latest/260x190/1628499.png
3918,Avery Bradley,202340,https://ak-static.cms.nba.com/wp-content/uploads/headshots/nba/latest/260x190/202340.png
4476,Brandon Paul,203464,https://ak-static.cms.nba.com/wp-content/uploads/headshots/nba/latest/260x190/203464.png
3801,Brook Lopez,201572,https://ak-static.cms.nba.com/wp-content/uploads/headshots/nba/latest/260x190/201572.png
4225,Bruno Caboclo,203998,https://ak-static.cms.nba.com/wp-content/uploads/headshots/nba/latest/260x190/203998.png
4381,Bryn Forbes,1627854,https://ak-static.cms.nba.com/wp-content/uploads/headshots/nba/latest/260x190/1627854.png
4477,C.J. Williams,203710,https://ak-static.cms.nba.com/wp-content/uploads/headshots/nba/latest/260x190/203710.png
3435,Carmelo Anthony,2546,https://ak-static.cms.nba.com/wp-content/uploads/headshots/nba/latest/260x190/2546.png
3583,Channing Frye,101112,https://ak-static.cms.nba.com/wp-content/uploads/headshots/nba/latest/260x190/101112.png
4480,Charles Cooke,1628429,https://ak-static.cms.nba.com/wp-content/uploads/headshots/nba/latest/260x190/1628429.png
4386,Chinanu Onuaku,1627778,https://ak-static.cms.nba.com/wp-content/uploads/headshots/nba/latest/260x190/1627778.png
4312,Chris McCullough,1626191,https://ak-static.cms.nba.com/wp-content/uploads/headshots/nba/latest/260x190/1626191.png
3585,Chris Paul,101108,https://ak-static.cms.nba.com/wp-content/uploads/headshots/nba/latest/260x190/101108.png
4230,Clint Capela,203991,https://ak-static.cms.nba.com/wp-content/uploads/headshots/nba/latest/260x190/203991.png
3745,Corey Brewer,201147,https://ak-static.cms.nba.com/wp-content/uploads/headshots/nba/latest/260x190/201147.png
4483,Dakari Johnson,1626177,https://ak-static.cms.nba.com/wp-content/uploads/headshots/nba/latest/260x190/1626177.png
4486,Daniel Hamilton,1627772,https://ak-static.cms.nba.com/wp-content/uploads/headshots/nba/latest/260x190/1627772.png
4233,Dante Exum,203957,https://ak-static.cms.nba.com/wp-content/uploads/headshots/nba/latest/260x190/203957.png
4391,David Nwaba,1628021,https://ak-static.cms.nba.com/wp-content/uploads/headshots/nba/latest/260x190/1628021.png
4234,David Stockton,204065,https://ak-static.cms.nba.com/wp-content/uploads/headshots/nba/latest/260x190/204065.png
4392,Dāvis Bertāns,202722,https://ak-static.cms.nba.com/wp-content/uploads/headshots/nba/latest/260x190/202722.png
3810,DeAndre Jordan,201599,https://ak-static.cms.nba.com/wp-content/uploads/headshots/nba/latest/260x190/201599.png
3998,DeAndre Liggins,202732,https://ak-static.cms.nba.com/wp-content/uploads/headshots/nba/latest/260x190/202732.png
3926,DeMarcus Cousins,202326,https://ak-static.cms.nba.com/wp-content/uploads/headshots/nba/latest/260x190/202326.png
3928,Derrick Favors,202324,https://ak-static.cms.nba.com/wp-content/uploads/headshots/nba/latest/260x190/202324.png
4397,Derrick Jones Jr.,1627884,https://ak-static.cms.nba.com/wp-content/uploads/headshots/nba/latest/260x190/1627884.png
3517,Devin Harris,2734,https://ak-static.cms.nba.com/wp-content/uploads/headshots/nba/latest/260x190/2734.png
4237,Doug McDermott,203926,https://ak-static.cms.nba.com/wp-content/uploads/headshots/nba/latest/260x190/203926.png
4160,Dwight Buycks,202779,https://ak-static.cms.nba.com/wp-content/uploads/headshots/nba/latest/260x190/202779.png
3932,Ed Davis,202334,https://ak-static.cms.nba.com/wp-content/uploads/headshots/nba/latest/260x190/202334.png
4240,Elfrid Payton,203901,https://ak-static.cms.nba.com/wp-content/uploads/headshots/nba/latest/260x190/203901.png
4403,Fred VanVleet,1627832,https://ak-static.cms.nba.com/wp-content/uploads/headshots/nba/latest/260x190/1627832.png
4404,Gary Payton II,1627780,https://ak-static.cms.nba.com/wp-content/uploads/headshots/nba/latest/260x190/1627780.png
4406,Georgios Papagiannis,1627834,https://ak-static.cms.nba.com/wp-content/uploads/headshots/nba/latest/260x190/1627834.png
4246,Glenn Robinson III,203922,https://ak-static.cms.nba.com/wp-content/uploads/headshots/nba/latest/260x190/203922.png
3942,Greg Monroe,202328,https://ak-static.cms.nba.com/wp-content/uploads/headshots/nba/latest/260x190/202328.png
4408,Isaiah Taylor,1627819,https://ak-static.cms.nba.com/wp-content/uploads/headshots/nba/latest/260x190/1627819.png
4012,Isaiah Thomas,202738,https://ak-static.cms.nba.com/wp-content/uploads/headshots/nba/latest/260x190/202738.png
4409,Isaiah Whitehead,1627785,https://ak-static.cms.nba.com/wp-content/uploads/headshots/nba/latest/260x190/1627785.png
4249,Jabari Parker,203953,https://ak-static.cms.nba.com/wp-content/uploads/headshots/nba/latest/260x190/203953.png
4250,Jack Cooley,204022,https://ak-static.cms.nba.com/wp-content/uploads/headshots/nba/latest/260x190/204022.png
4327,Jahlil Okafor,1626143,https://ak-static.cms.nba.com/wp-content/uploads/headshots/nba/latest/260x190/1626143.png
3530,Jameer Nelson,2749,https://ak-static.cms.nba.com/wp-content/uploads/headshots/nba/latest/260x190/2749.png
4512,Jamel Artis,1628503,https://ak-static.cms.nba.com/wp-content/uploads/headshots/nba/latest/260x190/1628503.png
4513,James Webb III,1627821,https://ak-static.cms.nba.com/wp-content/uploads/headshots/nba/latest/260x190/1627821.png
4517,Jaylen Morris,1628537,https://ak-static.cms.nba.com/wp-content/uploads/headshots/nba/latest/260x190/1628537.png
4257,Jerami Grant,203924,https://ak-static.cms.nba.com/wp-content/uploads/headshots/nba/latest/260x190/203924.png
4331,Joe Young,1626202,https://ak-static.cms.nba.com/wp-content/uploads/headshots/nba/latest/260x190/1626202.png
3888,Jonas Jerebko,201973,https://ak-static.cms.nba.com/wp-content/uploads/headshots/nba/latest/260x190/201973.png
4418,Jonathan Gibson,1626780,https://ak-static.cms.nba.com/wp-content/uploads/headshots/nba/latest/260x190/1626780.png
3952,Jordan Crawford,202348,https://ak-static.cms.nba.com/wp-content/uploads/headshots/nba/latest/260x190/202348.png
4335,Josh Huestis,203962,https://ak-static.cms.nba.com/wp-content/uploads/headshots/nba/latest/260x190/203962.png
4527,Josh Magette,203705,https://ak-static.cms.nba.com/wp-content/uploads/headshots/nba/latest/260x190/203705.png
4266,Julius Randle,203944,https://ak-static.cms.nba.com/wp-content/uploads/headshots/nba/latest/260x190/203944.png
4029,Julyan Stone,202933,https://ak-static.cms.nba.com/wp-content/uploads/headshots/nba/latest/260x190/202933.png
4267,Jusuf Nurkić,203994,https://ak-static.cms.nba.com/wp-content/uploads/headshots/nba/latest/260x190/203994.png
4420,Kay Felder,1627770,https://ak-static.cms.nba.com/wp-content/uploads/headshots/nba/latest/260x190/1627770.png
4342,Kevon Looney,1626172,https://ak-static.cms.nba.com/wp-content/uploads/headshots/nba/latest/260x190/1626172.png
4271,Kyle Anderson,203937,https://ak-static.cms.nba.com/wp-content/uploads/headshots/nba/latest/260x190/203937.png
4533,Kyle Collinsworth,1627858,https://ak-static.cms.nba.com/wp-content/uploads/headshots/nba/latest/260x190/1627858.png
4110,Kyle O'Quinn,203124,https://ak-static.cms.nba.com/wp-content/uploads/headshots/nba/latest/260x190/203124.png
4111,Kyle Singler,202713,https://ak-static.cms.nba.com/wp-content/uploads/headshots/nba/latest/260x190/202713.png
4179,Lorenzo Brown,203485,https://ak-static.cms.nba.com/wp-content/uploads/headshots/nba/latest/260x190/203485.png
4274,Lucas Nogueira,203512,https://ak-static.cms.nba.com/wp-content/uploads/headshots/nba/latest/260x190/203512.png
4539,Luke Kornet,1628436,https://ak-static.cms.nba.com/wp-content/uploads/headshots/nba/latest/260x190/1628436.png
4425,Malcolm Delaney,1627098,https://ak-static.cms.nba.com/wp-content/uploads/headshots/nba/latest/260x190/1627098.png
4542,Mangok Mathiang,1628493,https://ak-static.cms.nba.com/wp-content/uploads/headshots/nba/latest/260x190/1628493.png
3776,Marco Belinelli,201158,https://ak-static.cms.nba.com/wp-content/uploads/headshots/nba/latest/260x190/201158.png
4427,Marcus Georges-Hunt,1627875,https://ak-static.cms.nba.com/wp-content/uploads/headshots/nba/latest/260x190/1627875.png
4275,Marcus Smart,203935,https://ak-static.cms.nba.com/wp-content/uploads/headshots/nba/latest/260x190/203935.png
4348,Mario Hezonja,1626209,https://ak-static.cms.nba.com/wp-content/uploads/headshots/nba/latest/260x190/1626209.png
4349,Montrezl Harrell,1626149,https://ak-static.cms.nba.com/wp-content/uploads/headshots/nba/latest/260x190/1626149.png
4552,Myke Henry,1627988,https://ak-static.cms.nba.com/wp-content/uploads/headshots/nba/latest/260x190/1627988.png
4351,Nemanja Bjelica,202357,https://ak-static.cms.nba.com/wp-content/uploads/headshots/nba/latest/260x190/202357.png
4554,Nigel Hayes,1628502,https://ak-static.cms.nba.com/wp-content/uploads/headshots/nba/latest/260x190/1628502.png
4280,Nik Stauskas,203917,https://ak-static.cms.nba.com/wp-content/uploads/headshots/nba/latest/260x190/203917.png
4352,Nikola Jokić,203999,https://ak-static.cms.nba.com/wp-content/uploads/headshots/nba/latest/260x190/203999.png
4282,Noah Vonleh,203943,https://ak-static.cms.nba.com/wp-content/uploads/headshots/nba/latest/260x190/203943.png
4436,Okaro White,1627855,https://ak-static.cms.nba.com/wp-content/uploads/headshots/nba/latest/260x190/1627855.png
4556,Omari Johnson,204179,https://ak-static.cms.nba.com/wp-content/uploads/headshots/nba/latest/260x190/204179.png
4354,Pat Connaughton,1626192,https://ak-static.cms.nba.com/wp-content/uploads/headshots/nba/latest/260x190/1626192.png
4439,Patrick McCaw,1627775,https://ak-static.cms.nba.com/wp-content/uploads/headshots/nba/latest/260x190/1627775.png
3969,Paul George,202331,https://ak-static.cms.nba.com/wp-content/uploads/headshots/nba/latest/260x190/202331.png
4440,Paul Zipser,1627835,https://ak-static.cms.nba.com/wp-content/uploads/headshots/nba/latest/260x190/1627835.png
4358,Raul Neto,203526,https://ak-static.cms.nba.com/wp-content/uploads/headshots/nba/latest/260x190/203526.png
4285,Rodney Hood,203918,https://ak-static.cms.nba.com/wp-content/uploads/headshots/nba/latest/260x190/203918.png
4559,Rodney Purvis,1628681,https://ak-static.cms.nba.com/wp-content/uploads/headshots/nba/latest/260x190/1628681.png
4361,Salah Mejri,1626257,https://ak-static.cms.nba.com/wp-content/uploads/headshots/nba/latest/260x190/1626257.png
4287,Sean Kilpatrick,203930,https://ak-static.cms.nba.com/wp-content/uploads/headshots/nba/latest/260x190/203930.png
4288,Shabazz Napier,203894,https://ak-static.cms.nba.com/wp-content/uploads/headshots/nba/latest/260x190/203894.png
4206,Shane Larkin,203499,https://ak-static.cms.nba.com/wp-content/uploads/headshots/nba/latest/260x190/203499.png
3356,Tony Parker,2225,https://ak-static.cms.nba.com/wp-content/uploads/headshots/nba/latest/260x190/2225.png
4295,Travis Wear,204037,https://ak-static.cms.nba.com/wp-content/uploads/headshots/nba/latest/260x190/204037.png
4455,Treveon Graham,1626203,https://ak-static.cms.nba.com/wp-content/uploads/headshots/nba/latest/260x190/1626203.png
3563,Trevor Ariza,2772,https://ak-static.cms.nba.com/wp-content/uploads/headshots/nba/latest/260x190/2772.png
4572,Tyler Cavanaugh,1628463,https://ak-static.cms.nba.com/wp-content/uploads/headshots/nba/latest/260x190/1628463.png
4457,Tyler Ulis,1627755,https://ak-static.cms.nba.com/wp-content/uploads/headshots/nba/latest/260x190/1627755.png
4575,Tyrone Wallace,1627820,https://ak-static.cms.nba.com/wp-content/uploads/headshots/nba/latest/260x190/1627820.png
4140,Will Barton,203115,https://ak-static.cms.nba.com/wp-content/uploads/headshots/nba/latest/260x190/203115.png
4461,Yogi Ferrell,1627812,https://ak-static.cms.nba.com/wp-content/uploads/headshots/nba/latest/260x190/1627812.png
4299,Zach LaVine,203897,https://ak-static.cms.nba.com/wp-content/uploads/headshots/nba/latest/260x190/203897.png
3915,Al-Farouq Aminu,202329,https://ak-static.cms.nba.com/wp-content/uploads/headshots/nba/latest/260x190/202329.png
3982,Alec Burks,202692,https://ak-static.cms.nba.com/wp-content/uploads/headshots/nba/latest/260x190/202692.png
4375,Álex Abrines,203518,https://ak-static.cms.nba.com/wp-content/uploads/headshots/nba/latest/260x190/203518.png
4465,Alex Caruso,1627936,https://ak-static.cms.nba.com/wp-content/uploads/headshots/nba/latest/260x190/1627936.png
4377,Andrew Harrison,1626150,https://ak-static.cms.nba.com/wp-content/uploads/headshots/nba/latest/260x190/1626150.png
4587,Ángel Delgado,1629116,https://ak-static.cms.nba.com/wp-content/uploads/headshots/nba/latest/260x190/1629116.png
4470,Antonio Blakeney,1628469,https://ak-static.cms.nba.com/wp-content/uploads/headshots/nba/latest/260x190/1628469.png
4589,Billy Garrett,1628656,https://ak-static.cms.nba.com/wp-content/uploads/headshots/nba/latest/260x190/1628656.png
4307,Bobby Portis,1626171,https://ak-static.cms.nba.com/wp-content/uploads/headshots/nba/latest/260x190/1626171.png
4590,Bonzie Colson,1629045,https://ak-static.cms.nba.com/wp-content/uploads/headshots/nba/latest/260x190/1629045.png
4591,Brad Wanamaker,202954,https://ak-static.cms.nba.com/wp-content/uploads/headshots/nba/latest/260x190/202954.png
4593,Brandon Sampson,1629102,https://ak-static.cms.nba.com/wp-content/uploads/headshots/nba/latest/260x190/1629102.png
4311,Cameron Payne,1626166,https://ak-static.cms.nba.com/wp-content/uploads/headshots/nba/latest/260x190/1626166.png
4384,Chasson Randle,1626184,https://ak-static.cms.nba.com/wp-content/uploads/headshots/nba/latest/260x190/1626184.png
4385,Cheick Diallo,1627767,https://ak-static.cms.nba.com/wp-content/uploads/headshots/nba/latest/260x190/1627767.png
4598,Chris Chiozza,1629185,https://ak-static.cms.nba.com/wp-content/uploads/headshots/nba/latest/260x190/1629185.png
3992,Cory Joseph,202709,https://ak-static.cms.nba.com/wp-content/uploads/headshots/nba/latest/260x190/202709.png
4317,D'Angelo Russell,1626156,https://ak-static.cms.nba.com/wp-content/uploads/headshots/nba/latest/260x190/1626156.png
4600,Dairis Bertāns,1629541,https://ak-static.cms.nba.com/wp-content/uploads/headshots/nba/latest/260x190/1629541.png
4487,Daniel Theis,1628464,https://ak-static.cms.nba.com/wp-content/uploads/headshots/nba/latest/260x190/1628464.png
3867,Danny Green,201980,https://ak-static.cms.nba.com/wp-content/uploads/headshots/nba/latest/260x190/201980.png
4079,Darius Miller,203121,https://ak-static.cms.nba.com/wp-content/uploads/headshots/nba/latest/260x190/203121.png
4601,Daryl Macon,1629133,https://ak-static.cms.nba.com/wp-content/uploads/headshots/nba/latest/260x190/1629133.png
4488,Davon Reed,1628432,https://ak-static.cms.nba.com/wp-content/uploads/headshots/nba/latest/260x190/1628432.png
4320,Delon Wright,1626153,https://ak-static.cms.nba.com/wp-content/uploads/headshots/nba/latest/260x190/1626153.png
3873,DeMarre Carroll,201960,https://ak-static.cms.nba.com/wp-content/uploads/headshots/nba/latest/260x190/201960.png
4604,Deng Adel,1629061,https://ak-static.cms.nba.com/wp-content/uploads/headshots/nba/latest/260x190/1629061.png
4606,DeVaughn Akoon-Purcell,1629152,https://ak-static.cms.nba.com/wp-content/uploads/headshots/nba/latest/260x190/1629152.png
4493,Devin Robinson,1628421,https://ak-static.cms.nba.com/wp-content/uploads/headshots/nba/latest/260x190/1628421.png
4398,Deyonta Davis,1627738,https://ak-static.cms.nba.com/wp-content/uploads/headshots/nba/latest/260x190/1627738.png
4609,Donte Grantham,1629055,https://ak-static.cms.nba.com/wp-content/uploads/headshots/nba/latest/260x190/1629055.png
4401,Dorian Finney-Smith,1627827,https://ak-static.cms.nba.com/wp-content/uploads/headshots/nba/latest/260x190/1627827.png
4402,Dragan Bender,1627733,https://ak-static.cms.nba.com/wp-content/uploads/headshots/nba/latest/260x190/1627733.png
4497,Edmond Sumner,1628410,https://ak-static.cms.nba.com/wp-content/uploads/headshots/nba/latest/260x190/1628410.png
3933,Ekpe Udoh,202327,https://ak-static.cms.nba.com/wp-content/uploads/headshots/nba/latest/260x190/202327.png
4324,Emmanuel Mudiay,1626144,https://ak-static.cms.nba.com/wp-content/uploads/headshots/nba/latest/260x190/1626144.png
4325,Frank Kaminsky,1626163,https://ak-static.cms.nba.com/wp-content/uploads/headshots/nba/latest/260x190/1626163.png
4499,Frank Mason III,1628412,https://ak-static.cms.nba.com/wp-content/uploads/headshots/nba/latest/260x190/1628412.png
4501,Furkan Korkmaz,1627788,https://ak-static.cms.nba.com/wp-content/uploads/headshots/nba/latest/260x190/1627788.png
4619,George King,1628994,https://ak-static.cms.nba.com/wp-content/uploads/headshots/nba/latest/260x190/1628994.png
4503,Guerschon Yabusele,1627824,https://ak-static.cms.nba.com/wp-content/uploads/headshots/nba/latest/260x190/1627824.png
4623,Haywood Highsmith,1629312,https://ak-static.cms.nba.com/wp-content/uploads/headshots/nba/latest/260x190/1629312.png
4407,Henry Ellenson,1627740,https://ak-static.cms.nba.com/wp-content/uploads/headshots/nba/latest/260x190/1627740.png
4011,Iman Shumpert,202697,https://ak-static.cms.nba.com/wp-content/uploads/headshots/nba/latest/260x190/202697.png
4625,Isaac Humphries,1629353,https://ak-static.cms.nba.com/wp-content/uploads/headshots/nba/latest/260x190/1629353.png
4626,Isaiah Briscoe,1628515,https://ak-static.cms.nba.com/wp-content/uploads/headshots/nba/latest/260x190/1628515.png
4505,Isaiah Hicks,1628439,https://ak-static.cms.nba.com/wp-content/uploads/headshots/nba/latest/260x190/1628439.png
4410,Ivica Zubac,1627826,https://ak-static.cms.nba.com/wp-content/uploads/headshots/nba/latest/260x190/1627826.png
3673,J.J. Barea,200826,https://ak-static.cms.nba.com/wp-content/uploads/headshots/nba/latest/260x190/200826.png
4628,J.P. Macura,1629122,https://ak-static.cms.nba.com/wp-content/uploads/headshots/nba/latest/260x190/1629122.png
4251,JaKarr Sampson,203960,https://ak-static.cms.nba.com/wp-content/uploads/headshots/nba/latest/260x190/203960.png
4411,Jake Layman,1627774,https://ak-static.cms.nba.com/wp-content/uploads/headshots/nba/latest/260x190/1627774.png
4510,Jalen Jones,1627883,https://ak-static.cms.nba.com/wp-content/uploads/headshots/nba/latest/260x190/1627883.png
4631,Jared Terrell,1629123,https://ak-static.cms.nba.com/wp-content/uploads/headshots/nba/latest/260x190/1629123.png
4329,Jarell Martin,1626185,https://ak-static.cms.nba.com/wp-content/uploads/headshots/nba/latest/260x190/1626185.png
4633,Jaron Blossomgame,1628417,https://ak-static.cms.nba.com/wp-content/uploads/headshots/nba/latest/260x190/1628417.png
4516,Jawun Evans,1628393,https://ak-static.cms.nba.com/wp-content/uploads/headshots/nba/latest/260x190/1628393.png
4635,Jaylen Adams,1629121,https://ak-static.cms.nba.com/wp-content/uploads/headshots/nba/latest/260x190/1629121.png
4096,Jeremy Lamb,203087,https://ak-static.cms.nba.com/wp-content/uploads/headshots/nba/latest/260x190/203087.png
4330,Jerian Grant,1626170,https://ak-static.cms.nba.com/wp-content/uploads/headshots/nba/latest/260x190/1626170.png
4022,Jimmer Fredette,202690,https://ak-static.cms.nba.com/wp-content/uploads/headshots/nba/latest/260x190/202690.png
4023,Jimmy Butler,202710,https://ak-static.cms.nba.com/wp-content/uploads/headshots/nba/latest/260x190/202710.png
4639,Joe Chealey,1629147,https://ak-static.cms.nba.com/wp-content/uploads/headshots/nba/latest/260x190/1629147.png
4099,John Jenkins,203098,https://ak-static.cms.nba.com/wp-content/uploads/headshots/nba/latest/260x190/203098.png
4640,Johnathan Williams,1629140,https://ak-static.cms.nba.com/wp-content/uploads/headshots/nba/latest/260x190/1629140.png
4100,Jonas Valančiūnas,202685,https://ak-static.cms.nba.com/wp-content/uploads/headshots/nba/latest/260x190/202685.png
4523,Jordan Bell,1628395,https://ak-static.cms.nba.com/wp-content/uploads/headshots/nba/latest/260x190/1628395.png
4642,Jordan Loyd,1628070,https://ak-static.cms.nba.com/wp-content/uploads/headshots/nba/latest/260x190/1628070.png
4643,Jordan Sibert,1626296,https://ak-static.cms.nba.com/wp-content/uploads/headshots/nba/latest/260x190/1626296.png
4645,Julian Washburn,1627395,https://ak-static.cms.nba.com/wp-content/uploads/headshots/nba/latest/260x190/1627395.png
4337,Justin Anderson,1626147,https://ak-static.cms.nba.com/wp-content/uploads/headshots/nba/latest/260x190/1626147.png
4529,Justin Patton,1628383,https://ak-static.cms.nba.com/wp-content/uploads/headshots/nba/latest/260x190/1628383.png
4269,Kalin Lucas,203564,https://ak-static.cms.nba.com/wp-content/uploads/headshots/nba/latest/260x190/203564.png
4032,Kawhi Leonard,202695,https://ak-static.cms.nba.com/wp-content/uploads/headshots/nba/latest/260x190/202695.png
4341,Kelly Oubre Jr.,1626162,https://ak-static.cms.nba.com/wp-content/uploads/headshots/nba/latest/260x190/1626162.png
4034,Kemba Walker,202689,https://ak-static.cms.nba.com/wp-content/uploads/headshots/nba/latest/260x190/202689.png
4035,Kenneth Faried,202702,https://ak-static.cms.nba.com/wp-content/uploads/headshots/nba/latest/260x190/202702.png
4531,Khem Birch,203920,https://ak-static.cms.nba.com/wp-content/uploads/headshots/nba/latest/260x190/203920.png
4107,Khris Middleton,203114,https://ak-static.cms.nba.com/wp-content/uploads/headshots/nba/latest/260x190/203114.png
4036,Klay Thompson,202691,https://ak-static.cms.nba.com/wp-content/uploads/headshots/nba/latest/260x190/202691.png
4532,Kobi Simmons,1628424,https://ak-static.cms.nba.com/wp-content/uploads/headshots/nba/latest/260x190/1628424.png
3831,Kosta Koufos,201585,https://ak-static.cms.nba.com/wp-content/uploads/headshots/nba/latest/260x190/201585.png
4037,Kyrie Irving,202681,https://ak-static.cms.nba.com/wp-content/uploads/headshots/nba/latest/260x190/202681.png
4423,Malachi Richardson,1627781,https://ak-static.cms.nba.com/wp-content/uploads/headshots/nba/latest/260x190/1627781.png
4424,Malcolm Brogdon,1627763,https://ak-static.cms.nba.com/wp-content/uploads/headshots/nba/latest/260x190/1627763.png
3775,Marcin Gortat,101162,https://ak-static.cms.nba.com/wp-content/uploads/headshots/nba/latest/260x190/101162.png
4655,Marcus Derrickson,1629094,https://ak-static.cms.nba.com/wp-content/uploads/headshots/nba/latest/260x190/1629094.png
4043,Markieff Morris,202693,https://ak-static.cms.nba.com/wp-content/uploads/headshots/nba/latest/260x190/202693.png
4428,Marquese Chriss,1627737,https://ak-static.cms.nba.com/wp-content/uploads/headshots/nba/latest/260x190/1627737.png
4547,Maxi Kleber,1628467,https://ak-static.cms.nba.com/wp-content/uploads/headshots/nba/latest/260x190/1628467.png
4549,Miloš Teodosić,1628462,https://ak-static.cms.nba.com/wp-content/uploads/headshots/nba/latest/260x190/1628462.png
4047,Nikola Vučević,202696,https://ak-static.cms.nba.com/wp-content/uploads/headshots/nba/latest/260x190/202696.png
4124,Patrick Beverley,201976,https://ak-static.cms.nba.com/wp-content/uploads/headshots/nba/latest/260x190/201976.png
3970,Quincy Pondexter,202347,https://ak-static.cms.nba.com/wp-content/uploads/headshots/nba/latest/260x190/202347.png
4442,Quinn Cook,1626188,https://ak-static.cms.nba.com/wp-content/uploads/headshots/nba/latest/260x190/1626188.png
4665,Rawle Alkins,1628959,https://ak-static.cms.nba.com/wp-content/uploads/headshots/nba/latest/260x190/1628959.png
4666,Ray Spalding,1629034,https://ak-static.cms.nba.com/wp-content/uploads/headshots/nba/latest/260x190/1629034.png
4359,Richaun Holmes,1626158,https://ak-static.cms.nba.com/wp-content/uploads/headshots/nba/latest/260x190/1626158.png
4051,Ricky Rubio,201937,https://ak-static.cms.nba.com/wp-content/uploads/headshots/nba/latest/260x190/201937.png
3845,Robin Lopez,201577,https://ak-static.cms.nba.com/wp-content/uploads/headshots/nba/latest/260x190/201577.png
4443,Rodney McGruder,203585,https://ak-static.cms.nba.com/wp-content/uploads/headshots/nba/latest/260x190/203585.png
4360,Rondae Hollis-Jefferson,1626178,https://ak-static.cms.nba.com/wp-content/uploads/headshots/nba/latest/260x190/1626178.png
4561,Ryan Arcidiacono,1627853,https://ak-static.cms.nba.com/wp-content/uploads/headshots/nba/latest/260x190/1627853.png
4362,Sam Dekker,1626155,https://ak-static.cms.nba.com/wp-content/uploads/headshots/nba/latest/260x190/1626155.png
4563,Shaquille Harrison,1627885,https://ak-static.cms.nba.com/wp-content/uploads/headshots/nba/latest/260x190/1627885.png
4564,Sindarius Thornwell,1628414,https://ak-static.cms.nba.com/wp-content/uploads/headshots/nba/latest/260x190/1628414.png
4364,Stanley Johnson,1626169,https://ak-static.cms.nba.com/wp-content/uploads/headshots/nba/latest/260x190/1626169.png
4365,T.J. McConnell,204456,https://ak-static.cms.nba.com/wp-content/uploads/headshots/nba/latest/260x190/204456.png
4673,Tahjere McCall,1628769,https://ak-static.cms.nba.com/wp-content/uploads/headshots/nba/latest/260x190/1628769.png
4131,Terrence Ross,203082,https://ak-static.cms.nba.com/wp-content/uploads/headshots/nba/latest/260x190/203082.png
4366,Terry Rozier,1626179,https://ak-static.cms.nba.com/wp-content/uploads/headshots/nba/latest/260x190/1626179.png
3791,Thaddeus Young,201152,https://ak-static.cms.nba.com/wp-content/uploads/headshots/nba/latest/260x190/201152.png
4674,Theo Pinson,1629033,https://ak-static.cms.nba.com/wp-content/uploads/headshots/nba/latest/260x190/1629033.png
4568,Thomas Bryant,1628418,https://ak-static.cms.nba.com/wp-content/uploads/headshots/nba/latest/260x190/1628418.png
4675,Thomas Welsh,1629118,https://ak-static.cms.nba.com/wp-content/uploads/headshots/nba/latest/260x190/1629118.png
4453,Timothé Luwawu-Cabarrot,1627789,https://ak-static.cms.nba.com/wp-content/uploads/headshots/nba/latest/260x190/1627789.png
4055,Tobias Harris,202699,https://ak-static.cms.nba.com/wp-content/uploads/headshots/nba/latest/260x190/202699.png
4454,Tomáš Satoranský,203107,https://ak-static.cms.nba.com/wp-content/uploads/headshots/nba/latest/260x190/203107.png
4677,Trevon Duval,1628979,https://ak-static.cms.nba.com/wp-content/uploads/headshots/nba/latest/260x190/1628979.png
4369,Trey Lyles,1626168,https://ak-static.cms.nba.com/wp-content/uploads/headshots/nba/latest/260x190/1626168.png
4679,Troy Caupain,1628505,https://ak-static.cms.nba.com/wp-content/uploads/headshots/nba/latest/260x190/1628505.png
4573,Tyler Dorsey,1628416,https://ak-static.cms.nba.com/wp-content/uploads/headshots/nba/latest/260x190/1628416.png
4574,Tyler Lydon,1628399,https://ak-static.cms.nba.com/wp-content/uploads/headshots/nba/latest/260x190/1628399.png
3360,Tyson Chandler,2199,https://ak-static.cms.nba.com/wp-content/uploads/headshots/nba/latest/260x190/2199.png
4370,Tyus Jones,1626145,https://ak-static.cms.nba.com/wp-content/uploads/headshots/nba/latest/260x190/1626145.png
4681,Vince Edwards,1629053,https://ak-static.cms.nba.com/wp-content/uploads/headshots/nba/latest/260x190/1629053.png
4577,Walt Lemon Jr.,1627215,https://ak-static.cms.nba.com/wp-content/uploads/headshots/nba/latest/260x190/1627215.png
3914,Wesley Matthews,202083,https://ak-static.cms.nba.com/wp-content/uploads/headshots/nba/latest/260x190/202083.png
4371,Willie Cauley-Stein,1626161,https://ak-static.cms.nba.com/wp-content/uploads/headshots/nba/latest/260x190/1626161.png
3793,Wilson Chandler,201163,https://ak-static.cms.nba.com/wp-content/uploads/headshots/nba/latest/260x190/201163.png
4683,Yante Maten,1628999,https://ak-static.cms.nba.com/wp-content/uploads/headshots/nba/latest/260x190/1628999.png
4687,Adam Mokoka,1629690,https://ak-static.cms.nba.com/wp-content/uploads/headshots/nba/latest/260x190/1629690.png
4688,Admiral Schofield,1629678,https://ak-static.cms.nba.com/wp-content/uploads/headshots/nba/latest/260x190/1629678.png
4583,Alize Johnson,1628993,https://ak-static.cms.nba.com/wp-content/uploads/headshots/nba/latest/260x190/1628993.png
4585,Amile Jefferson,1628518,https://ak-static.cms.nba.com/wp-content/uploads/headshots/nba/latest/260x190/1628518.png
4469,Ante Žižić,1627790,https://ak-static.cms.nba.com/wp-content/uploads/headshots/nba/latest/260x190/1627790.png
4066,Anthony Davis,203076,https://ak-static.cms.nba.com/wp-content/uploads/headshots/nba/latest/260x190/203076.png
4475,Bogdan Bogdanović,203992,https://ak-static.cms.nba.com/wp-content/uploads/headshots/nba/latest/260x190/203992.png
4379,Brandon Ingram,1627742,https://ak-static.cms.nba.com/wp-content/uploads/headshots/nba/latest/260x190/1627742.png
3985,Brandon Knight,202688,https://ak-static.cms.nba.com/wp-content/uploads/headshots/nba/latest/260x190/202688.png
4478,Caleb Swanigan,1628403,https://ak-static.cms.nba.com/wp-content/uploads/headshots/nba/latest/260x190/1628403.png
4597,Chimezie Metu,1629002,https://ak-static.cms.nba.com/wp-content/uploads/headshots/nba/latest/260x190/1629002.png
4481,Chris Boucher,1628449,https://ak-static.cms.nba.com/wp-content/uploads/headshots/nba/latest/260x190/1628449.png
4387,Damian Jones,1627745,https://ak-static.cms.nba.com/wp-content/uploads/headshots/nba/latest/260x190/1627745.png
4485,Damyean Dotson,1628422,https://ak-static.cms.nba.com/wp-content/uploads/headshots/nba/latest/260x190/1628422.png
4706,DaQuan Jeffries,1629610,https://ak-static.cms.nba.com/wp-content/uploads/headshots/nba/latest/260x190/1629610.png
4390,Dario Šarić,203967,https://ak-static.cms.nba.com/wp-content/uploads/headshots/nba/latest/260x190/203967.png
4602,De'Anthony Melton,1629001,https://ak-static.cms.nba.com/wp-content/uploads/headshots/nba/latest/260x190/1629001.png
4393,DeAndre' Bembry,1627761,https://ak-static.cms.nba.com/wp-content/uploads/headshots/nba/latest/260x190/1627761.png
4396,Denzel Valentine,1627756,https://ak-static.cms.nba.com/wp-content/uploads/headshots/nba/latest/260x190/1627756.png
4605,Deonte Burton,1629126,https://ak-static.cms.nba.com/wp-content/uploads/headshots/nba/latest/260x190/1629126.png
4711,Devon Hall,1628985,https://ak-static.cms.nba.com/wp-content/uploads/headshots/nba/latest/260x190/1628985.png
4713,Dewan Hernandez,1629608,https://ak-static.cms.nba.com/wp-content/uploads/headshots/nba/latest/260x190/1629608.png
4714,Donta Hall,1629743,https://ak-static.cms.nba.com/wp-content/uploads/headshots/nba/latest/260x190/1629743.png
4610,Drew Eubanks,1629234,https://ak-static.cms.nba.com/wp-content/uploads/headshots/nba/latest/260x190/1629234.png
4496,Dwayne Bacon,1628407,https://ak-static.cms.nba.com/wp-content/uploads/headshots/nba/latest/260x190/1628407.png
4613,Džanan Musa,1629058,https://ak-static.cms.nba.com/wp-content/uploads/headshots/nba/latest/260x190/1629058.png
4614,Elie Okobo,1629059,https://ak-static.cms.nba.com/wp-content/uploads/headshots/nba/latest/260x190/1629059.png
4616,Frank Jackson,1628402,https://ak-static.cms.nba.com/wp-content/uploads/headshots/nba/latest/260x190/1628402.png
4717,Gabe Vincent,1629216,https://ak-static.cms.nba.com/wp-content/uploads/headshots/nba/latest/260x190/1629216.png
4718,Garrison Mathews,1629726,https://ak-static.cms.nba.com/wp-content/uploads/headshots/nba/latest/260x190/1629726.png
4617,Gary Clark,1629109,https://ak-static.cms.nba.com/wp-content/uploads/headshots/nba/latest/260x190/1629109.png
3817,Goran Dragić,201609,https://ak-static.cms.nba.com/wp-content/uploads/headshots/nba/latest/260x190/201609.png
4629,Jacob Evans,1628980,https://ak-static.cms.nba.com/wp-content/uploads/headshots/nba/latest/260x190/1628980.png
4091,Jae Crowder,203109,https://ak-static.cms.nba.com/wp-content/uploads/headshots/nba/latest/260x190/203109.png
4412,Jakob Poeltl,1627751,https://ak-static.cms.nba.com/wp-content/uploads/headshots/nba/latest/260x190/1627751.png
4726,Jared Harper,1629607,https://ak-static.cms.nba.com/wp-content/uploads/headshots/nba/latest/260x190/1629607.png
4727,Jarrell Brantley,1629714,https://ak-static.cms.nba.com/wp-content/uploads/headshots/nba/latest/260x190/1629714.png
4731,Jaylen Hoard,1629658,https://ak-static.cms.nba.com/wp-content/uploads/headshots/nba/latest/260x190/1629658.png
4733,Jeremiah Martin,1629725,https://ak-static.cms.nba.com/wp-content/uploads/headshots/nba/latest/260x190/1629725.png
4638,Jevon Carter,1628975,https://ak-static.cms.nba.com/wp-content/uploads/headshots/nba/latest/260x190/1628975.png
4098,John Henson,203089,https://ak-static.cms.nba.com/wp-content/uploads/headshots/nba/latest/260x190/203089.png
4734,John Konchar,1629723,https://ak-static.cms.nba.com/wp-content/uploads/headshots/nba/latest/260x190/1629723.png
4521,Johnathan Motley,1628405,https://ak-static.cms.nba.com/wp-content/uploads/headshots/nba/latest/260x190/1628405.png
4735,Jordan Bone,1629648,https://ak-static.cms.nba.com/wp-content/uploads/headshots/nba/latest/260x190/1629648.png
4736,Jordan McLaughlin,1629162,https://ak-static.cms.nba.com/wp-content/uploads/headshots/nba/latest/260x190/1629162.png
4524,Josh Gray,1627982,https://ak-static.cms.nba.com/wp-content/uploads/headshots/nba/latest/260x190/1627982.png
4526,Josh Jackson,1628367,https://ak-static.cms.nba.com/wp-content/uploads/headshots/nba/latest/260x190/1628367.png
4738,Josh Reaves,1629729,https://ak-static.cms.nba.com/wp-content/uploads/headshots/nba/latest/260x190/1629729.png
4739,Juan Toscano-Anderson,1629308,https://ak-static.cms.nba.com/wp-content/uploads/headshots/nba/latest/260x190/1629308.png
4741,Justin Robinson,1629620,https://ak-static.cms.nba.com/wp-content/uploads/headshots/nba/latest/260x190/1629620.png
4742,Justin Wright-Foreman,1629625,https://ak-static.cms.nba.com/wp-content/uploads/headshots/nba/latest/260x190/1629625.png
4646,Keita Bates-Diop,1628966,https://ak-static.cms.nba.com/wp-content/uploads/headshots/nba/latest/260x190/1628966.png
4744,Kelan Martin,1629103,https://ak-static.cms.nba.com/wp-content/uploads/headshots/nba/latest/260x190/1629103.png
4647,Kenrich Williams,1629026,https://ak-static.cms.nba.com/wp-content/uploads/headshots/nba/latest/260x190/1629026.png
4747,Kevin Hervey,1628987,https://ak-static.cms.nba.com/wp-content/uploads/headshots/nba/latest/260x190/1628987.png
4650,Khyri Thomas,1629017,https://ak-static.cms.nba.com/wp-content/uploads/headshots/nba/latest/260x190/1629017.png
4651,Kostas Antetokounmpo,1628961,https://ak-static.cms.nba.com/wp-content/uploads/headshots/nba/latest/260x190/1628961.png
4421,Kris Dunn,1627739,https://ak-static.cms.nba.com/wp-content/uploads/headshots/nba/latest/260x190/1627739.png
4749,Ky Bowman,1629065,https://ak-static.cms.nba.com/wp-content/uploads/headshots/nba/latest/260x190/1629065.png
4750,Kyle Alexander,1629734,https://ak-static.cms.nba.com/wp-content/uploads/headshots/nba/latest/260x190/1629734.png
4753,Louis King,1629663,https://ak-static.cms.nba.com/wp-content/uploads/headshots/nba/latest/260x190/1629663.png
4540,Malcolm Miller,1626259,https://ak-static.cms.nba.com/wp-content/uploads/headshots/nba/latest/260x190/1626259.png
4426,Malik Beasley,1627736,https://ak-static.cms.nba.com/wp-content/uploads/headshots/nba/latest/260x190/1627736.png
3835,Marc Gasol,201188,https://ak-static.cms.nba.com/wp-content/uploads/headshots/nba/latest/260x190/201188.png
4757,Marial Shayok,1629621,https://ak-static.cms.nba.com/wp-content/uploads/headshots/nba/latest/260x190/1629621.png
4758,Marko Guduric,1629741,https://ak-static.cms.nba.com/wp-content/uploads/headshots/nba/latest/260x190/1629741.png
4761,Matt Mooney,1629760,https://ak-static.cms.nba.com/wp-content/uploads/headshots/nba/latest/260x190/1629760.png
4763,Max Strus,1629622,https://ak-static.cms.nba.com/wp-content/uploads/headshots/nba/latest/260x190/1629622.png
4657,Melvin Frazier,1628982,https://ak-static.cms.nba.com/wp-content/uploads/headshots/nba/latest/260x190/1628982.png
4117,Michael Kidd-Gilchrist,203077,https://ak-static.cms.nba.com/wp-content/uploads/headshots/nba/latest/260x190/203077.png
4768,Moses Brown,1629650,https://ak-static.cms.nba.com/wp-content/uploads/headshots/nba/latest/260x190/1629650.png
4553,Naz Mitrou-Long,1628513,https://ak-static.cms.nba.com/wp-content/uploads/headshots/nba/latest/260x190/1628513.png
4775,Nigel Williams-Goss,1628430,https://ak-static.cms.nba.com/wp-content/uploads/headshots/nba/latest/260x190/1628430.png
4776,Norvel Pelle,203658,https://ak-static.cms.nba.com/wp-content/uploads/headshots/nba/latest/260x190/203658.png
4777,Oshae Brissett,1629052,https://ak-static.cms.nba.com/wp-content/uploads/headshots/nba/latest/260x190/1629052.png
4780,Quinndary Weatherspoon,1629683,https://ak-static.cms.nba.com/wp-content/uploads/headshots/nba/latest/260x190/1629683.png
4781,Rayjon Tucker,1629730,https://ak-static.cms.nba.com/wp-content/uploads/headshots/nba/latest/260x190/1629730.png
4050,Reggie Jackson,202704,https://ak-static.cms.nba.com/wp-content/uploads/headshots/nba/latest/260x190/202704.png
4669,Ryan Broekhoff,1629151,https://ak-static.cms.nba.com/wp-content/uploads/headshots/nba/latest/260x190/1629151.png
4448,Skal Labissière,1627746,https://ak-static.cms.nba.com/wp-content/uploads/headshots/nba/latest/260x190/1627746.png
4565,Sterling Brown,1628425,https://ak-static.cms.nba.com/wp-content/uploads/headshots/nba/latest/260x190/1628425.png
4566,T.J. Leaf,1628388,https://ak-static.cms.nba.com/wp-content/uploads/headshots/nba/latest/260x190/1628388.png
4788,Tacko Fall,1629605,https://ak-static.cms.nba.com/wp-content/uploads/headshots/nba/latest/260x190/1629605.png
4790,Tariq Owens,1629745,https://ak-static.cms.nba.com/wp-content/uploads/headshots/nba/latest/260x190/1629745.png
4451,Thon Maker,1627748,https://ak-static.cms.nba.com/wp-content/uploads/headshots/nba/latest/260x190/1627748.png
4570,Torrey Craig,1628470,https://ak-static.cms.nba.com/wp-content/uploads/headshots/nba/latest/260x190/1628470.png
4793,Tremont Waters,1629682,https://ak-static.cms.nba.com/wp-content/uploads/headshots/nba/latest/260x190/1629682.png
4058,Tristan Thompson,202684,https://ak-static.cms.nba.com/wp-content/uploads/headshots/nba/latest/260x190/202684.png
4795,Tyler Cook,1629076,https://ak-static.cms.nba.com/wp-content/uploads/headshots/nba/latest/260x190/1629076.png
4797,Vic Law,1629724,https://ak-static.cms.nba.com/wp-content/uploads/headshots/nba/latest/260x190/1629724.png
4800,Wenyen Gabriel,1629117,https://ak-static.cms.nba.com/wp-content/uploads/headshots/nba/latest/260x190/1629117.png
4801,William Howard,1629739,https://ak-static.cms.nba.com/wp-content/uploads/headshots/nba/latest/260x190/1629739.png
4460,Willy Hernangómez,1626195,https://ak-static.cms.nba.com/wp-content/uploads/headshots/nba/latest/260x190/1626195.png
4684,Yuta Watanabe,1629139,https://ak-static.cms.nba.com/wp-content/uploads/headshots/nba/latest/260x190/1629139.png
4686,Zhaire Smith,1629015,https://ak-static.cms.nba.com/wp-content/uploads/headshots/nba/latest/260x190/1629015.png
4804,Zylan Cheatham,1629597,https://ak-static.cms.nba.com/wp-content/uploads/headshots/nba/latest/260x190/1629597.png
4689,Alen Smailagić,1629346,https://ak-static.cms.nba.com/wp-content/uploads/headshots/nba/latest/260x190/1629346.png
4807,Amida Brimah,1628578,https://ak-static.cms.nba.com/wp-content/uploads/headshots/nba/latest/260x190/1628578.png
4690,Amir Coffey,1629599,https://ak-static.cms.nba.com/wp-content/uploads/headshots/nba/latest/260x190/1629599.png
4810,Anthony Lamb,1630237,https://ak-static.cms.nba.com/wp-content/uploads/headshots/nba/latest/260x190/1630237.png
4811,Armoni Brooks,1629717,https://ak-static.cms.nba.com/wp-content/uploads/headshots/nba/latest/260x190/1629717.png
4812,Ashton Hagans,1630204,https://ak-static.cms.nba.com/wp-content/uploads/headshots/nba/latest/260x190/1630204.png
4305,Axel Toupane,1626253,https://ak-static.cms.nba.com/wp-content/uploads/headshots/nba/latest/260x190/1626253.png
4592,Brandon Goodwin,1629164,https://ak-static.cms.nba.com/wp-content/uploads/headshots/nba/latest/260x190/1629164.png
4813,Brodric Thomas,1630271,https://ak-static.cms.nba.com/wp-content/uploads/headshots/nba/latest/260x190/1630271.png
4594,Bruce Brown,1628971,https://ak-static.cms.nba.com/wp-content/uploads/headshots/nba/latest/260x190/1628971.png
4696,Caleb Martin,1628997,https://ak-static.cms.nba.com/wp-content/uploads/headshots/nba/latest/260x190/1628997.png
4699,Carsen Edwards,1629035,https://ak-static.cms.nba.com/wp-content/uploads/headshots/nba/latest/260x190/1629035.png
4815,Cassius Stanley,1630199,https://ak-static.cms.nba.com/wp-content/uploads/headshots/nba/latest/260x190/1630199.png
4816,Cassius Winston,1630216,https://ak-static.cms.nba.com/wp-content/uploads/headshots/nba/latest/260x190/1630216.png
4596,Chandler Hutchison,1628990,https://ak-static.cms.nba.com/wp-content/uploads/headshots/nba/latest/260x190/1628990.png
4155,Cody Zeller,203469,https://ak-static.cms.nba.com/wp-content/uploads/headshots/nba/latest/260x190/203469.png
4482,D.J. Wilson,1628391,https://ak-static.cms.nba.com/wp-content/uploads/headshots/nba/latest/260x190/1628391.png
4821,Daniel Oturu,1630187,https://ak-static.cms.nba.com/wp-content/uploads/headshots/nba/latest/260x190/1630187.png
4822,Deividas Sirvydis,1629686,https://ak-static.cms.nba.com/wp-content/uploads/headshots/nba/latest/260x190/1629686.png
4157,Dennis Schröder,203471,https://ak-static.cms.nba.com/wp-content/uploads/headshots/nba/latest/260x190/203471.png
4490,Dennis Smith Jr.,1628372,https://ak-static.cms.nba.com/wp-content/uploads/headshots/nba/latest/260x190/1628372.png
4825,Devin Cannady,1629962,https://ak-static.cms.nba.com/wp-content/uploads/headshots/nba/latest/260x190/1629962.png
4827,Devon Dotson,1629653,https://ak-static.cms.nba.com/wp-content/uploads/headshots/nba/latest/260x190/1629653.png
4712,Devontae Cacok,1629719,https://ak-static.cms.nba.com/wp-content/uploads/headshots/nba/latest/260x190/1629719.png
4607,Devonte' Graham,1628984,https://ak-static.cms.nba.com/wp-content/uploads/headshots/nba/latest/260x190/1628984.png
4828,Didi Louzada,1629712,https://ak-static.cms.nba.com/wp-content/uploads/headshots/nba/latest/260x190/1629712.png
4611,Duncan Robinson,1629130,https://ak-static.cms.nba.com/wp-content/uploads/headshots/nba/latest/260x190/1629130.png
4830,Elijah Bryant,1629091,https://ak-static.cms.nba.com/wp-content/uploads/headshots/nba/latest/260x190/1629091.png
4500,Frank Ntilikina,1628373,https://ak-static.cms.nba.com/wp-content/uploads/headshots/nba/latest/260x190/1628373.png
4833,Freddie Gillespie,1630273,https://ak-static.cms.nba.com/wp-content/uploads/headshots/nba/latest/260x190/1630273.png
4618,Gary Trent Jr.,1629018,https://ak-static.cms.nba.com/wp-content/uploads/headshots/nba/latest/260x190/1629018.png
4167,Gorgui Dieng,203476,https://ak-static.cms.nba.com/wp-content/uploads/headshots/nba/latest/260x190/203476.png
4835,Grant Riller,1630203,https://ak-static.cms.nba.com/wp-content/uploads/headshots/nba/latest/260x190/1630203.png
4621,Hamidou Diallo,1628977,https://ak-static.cms.nba.com/wp-content/uploads/headshots/nba/latest/260x190/1628977.png
4721,Ignas Brazdeikis,1629649,https://ak-static.cms.nba.com/wp-content/uploads/headshots/nba/latest/260x190/1629649.png
4624,Isaac Bonga,1629067,https://ak-static.cms.nba.com/wp-content/uploads/headshots/nba/latest/260x190/1629067.png
4627,Isaiah Hartenstein,1628392,https://ak-static.cms.nba.com/wp-content/uploads/headshots/nba/latest/260x190/1628392.png
4844,Jalen Harris,1630223,https://ak-static.cms.nba.com/wp-content/uploads/headshots/nba/latest/260x190/1630223.png
4724,Jalen Lecque,1629665,https://ak-static.cms.nba.com/wp-content/uploads/headshots/nba/latest/260x190/1629665.png
4172,James Nunnally,203263,https://ak-static.cms.nba.com/wp-content/uploads/headshots/nba/latest/260x190/203263.png
4634,Jarred Vanderbilt,1629020,https://ak-static.cms.nba.com/wp-content/uploads/headshots/nba/latest/260x190/1629020.png
4515,Jarrett Allen,1628386,https://ak-static.cms.nba.com/wp-content/uploads/headshots/nba/latest/260x190/1628386.png
4729,Javonte Green,1629750,https://ak-static.cms.nba.com/wp-content/uploads/headshots/nba/latest/260x190/1629750.png
4519,John Collins,1628381,https://ak-static.cms.nba.com/wp-content/uploads/headshots/nba/latest/260x190/1628381.png
4848,Jontay Porter,1629007,https://ak-static.cms.nba.com/wp-content/uploads/headshots/nba/latest/260x190/1629007.png
4851,Josh Hall,1630221,https://ak-static.cms.nba.com/wp-content/uploads/headshots/nba/latest/260x190/1630221.png
4525,Josh Hart,1628404,https://ak-static.cms.nba.com/wp-content/uploads/headshots/nba/latest/260x190/1628404.png
4528,Justin Jackson,1628382,https://ak-static.cms.nba.com/wp-content/uploads/headshots/nba/latest/260x190/1628382.png
4740,Justin James,1629713,https://ak-static.cms.nba.com/wp-content/uploads/headshots/nba/latest/260x190/1629713.png
4338,Justise Winslow,1626159,https://ak-static.cms.nba.com/wp-content/uploads/headshots/nba/latest/260x190/1626159.png
4743,Juwan Morgan,1629752,https://ak-static.cms.nba.com/wp-content/uploads/headshots/nba/latest/260x190/1629752.png
4853,Keljin Blevins,1629833,https://ak-static.cms.nba.com/wp-content/uploads/headshots/nba/latest/260x190/1629833.png
4746,Kendrick Nunn,1629134,https://ak-static.cms.nba.com/wp-content/uploads/headshots/nba/latest/260x190/1629134.png
4856,Killian Tillie,1629681,https://ak-static.cms.nba.com/wp-content/uploads/headshots/nba/latest/260x190/1629681.png
4751,Kyle Guy,1629657,https://ak-static.cms.nba.com/wp-content/uploads/headshots/nba/latest/260x190/1629657.png
4535,Lauri Markkanen,1628374,https://ak-static.cms.nba.com/wp-content/uploads/headshots/nba/latest/260x190/1628374.png
4537,Lonzo Ball,1628366,https://ak-static.cms.nba.com/wp-content/uploads/headshots/nba/latest/260x190/1628366.png
3619,Lou Williams,101150,https://ak-static.cms.nba.com/wp-content/uploads/headshots/nba/latest/260x190/101150.png
4755,Luka Šamanić,1629677,https://ak-static.cms.nba.com/wp-content/uploads/headshots/nba/latest/260x190/1629677.png
4861,Malik Fitts,1630238,https://ak-static.cms.nba.com/wp-content/uploads/headshots/nba/latest/260x190/1630238.png
4541,Malik Monk,1628370,https://ak-static.cms.nba.com/wp-content/uploads/headshots/nba/latest/260x190/1628370.png
4863,Markus Howard,1630210,https://ak-static.cms.nba.com/wp-content/uploads/headshots/nba/latest/260x190/1630210.png
4759,Marques Bolden,1629716,https://ak-static.cms.nba.com/wp-content/uploads/headshots/nba/latest/260x190/1629716.png
4762,Matt Thomas,1629744,https://ak-static.cms.nba.com/wp-content/uploads/headshots/nba/latest/260x190/1629744.png
4764,Mfiondu Kabengele,1629662,https://ak-static.cms.nba.com/wp-content/uploads/headshots/nba/latest/260x190/1629662.png
4548,Mike James,1628455,https://ak-static.cms.nba.com/wp-content/uploads/headshots/nba/latest/260x190/1628455.png
4663,Moritz Wagner,1629021,https://ak-static.cms.nba.com/wp-content/uploads/headshots/nba/latest/260x190/1629021.png
4769,Mychal Mulder,1628539,https://ak-static.cms.nba.com/wp-content/uploads/headshots/nba/latest/260x190/1628539.png
4866,Nate Darling,1630268,https://ak-static.cms.nba.com/wp-content/uploads/headshots/nba/latest/260x190/1630268.png
4867,Nate Hinton,1630207,https://ak-static.cms.nba.com/wp-content/uploads/headshots/nba/latest/260x190/1630207.png
4868,Nathan Knight,1630233,https://ak-static.cms.nba.com/wp-content/uploads/headshots/nba/latest/260x190/1630233.png
4870,Nico Mannion,1630185,https://ak-static.cms.nba.com/wp-content/uploads/headshots/nba/latest/260x190/1630185.png
4774,Nicolò Melli,1629740,https://ak-static.cms.nba.com/wp-content/uploads/headshots/nba/latest/260x190/1629740.png
4353,Norman Powell,1626181,https://ak-static.cms.nba.com/wp-content/uploads/headshots/nba/latest/260x190/1626181.png
4779,Paul Watson,1628778,https://ak-static.cms.nba.com/wp-content/uploads/headshots/nba/latest/260x190/1628778.png
4878,Reggie Perry,1629617,https://ak-static.cms.nba.com/wp-content/uploads/headshots/nba/latest/260x190/1629617.png
4881,Saben Lee,1630240,https://ak-static.cms.nba.com/wp-content/uploads/headshots/nba/latest/260x190/1630240.png
4884,Sean McDermott,1630253,https://ak-static.cms.nba.com/wp-content/uploads/headshots/nba/latest/260x190/1630253.png
4785,Sekou Doumbouya,1629635,https://ak-static.cms.nba.com/wp-content/uploads/headshots/nba/latest/260x190/1629635.png
4562,Semi Ojeleye,1628400,https://ak-static.cms.nba.com/wp-content/uploads/headshots/nba/latest/260x190/1628400.png
4885,Skylar Mays,1630219,https://ak-static.cms.nba.com/wp-content/uploads/headshots/nba/latest/260x190/1630219.png
4291,Spencer Dinwiddie,203915,https://ak-static.cms.nba.com/wp-content/uploads/headshots/nba/latest/260x190/203915.png
4789,Talen Horton-Tucker,1629659,https://ak-static.cms.nba.com/wp-content/uploads/headshots/nba/latest/260x190/1629659.png
4792,Terence Davis,1629056,https://ak-static.cms.nba.com/wp-content/uploads/headshots/nba/latest/260x190/1629056.png
4367,Thanasis Antetokounmpo,203648,https://ak-static.cms.nba.com/wp-content/uploads/headshots/nba/latest/260x190/203648.png
4569,Tony Bradley,1628396,https://ak-static.cms.nba.com/wp-content/uploads/headshots/nba/latest/260x190/1628396.png
4888,Trent Forrest,1630235,https://ak-static.cms.nba.com/wp-content/uploads/headshots/nba/latest/260x190/1630235.png
4889,Ty-Shon Alexander,1630234,https://ak-static.cms.nba.com/wp-content/uploads/headshots/nba/latest/260x190/1630234.png
4890,Tyler Bey,1630189,https://ak-static.cms.nba.com/wp-content/uploads/headshots/nba/latest/260x190/1630189.png
4217,Victor Oladipo,203506,https://ak-static.cms.nba.com/wp-content/uploads/headshots/nba/latest/260x190/203506.png
4582,Aaron Holiday,1628988,https://ak-static.cms.nba.com/wp-content/uploads/headshots/nba/latest/260x190/1628988.png
4586,Anfernee Simons,1629014,https://ak-static.cms.nba.com/wp-content/uploads/headshots/nba/latest/260x190/1629014.png
4809,Anthony Gill,1630264,https://ak-static.cms.nba.com/wp-content/uploads/headshots/nba/latest/260x190/1630264.png
4905,Arnoldas Kulboka,1629083,https://ak-static.cms.nba.com/wp-content/uploads/headshots/nba/latest/260x190/1629083.png
4906,Austin Reaves,1630559,https://ak-static.cms.nba.com/wp-content/uploads/headshots/nba/latest/260x190/1630559.png
4692,Bol Bol,1629626,https://ak-static.cms.nba.com/wp-content/uploads/headshots/nba/latest/260x190/1629626.png
4695,Bruno Fernando,1628981,https://ak-static.cms.nba.com/wp-content/uploads/headshots/nba/latest/260x190/1628981.png
4818,CJ Elleby,1629604,https://ak-static.cms.nba.com/wp-content/uploads/headshots/nba/latest/260x190/1629604.png
4704,Cody Martin,1628998,https://ak-static.cms.nba.com/wp-content/uploads/headshots/nba/latest/260x190/1628998.png
4599,Collin Sexton,1629012,https://ak-static.cms.nba.com/wp-content/uploads/headshots/nba/latest/260x190/1629012.png
4484,Damion Lee,1627814,https://ak-static.cms.nba.com/wp-content/uploads/headshots/nba/latest/260x190/1627814.png
4924,David Duke Jr.,1630561,https://ak-static.cms.nba.com/wp-content/uploads/headshots/nba/latest/260x190/1630561.png
4925,David Johnson,1630525,https://ak-static.cms.nba.com/wp-content/uploads/headshots/nba/latest/260x190/1630525.png
4710,Dean Wade,1629731,https://ak-static.cms.nba.com/wp-content/uploads/headshots/nba/latest/260x190/1629731.png
4603,Deandre Ayton,1629028,https://ak-static.cms.nba.com/wp-content/uploads/headshots/nba/latest/260x190/1629028.png
4608,Donte DiVincenzo,1628978,https://ak-static.cms.nba.com/wp-content/uploads/headshots/nba/latest/260x190/1628978.png
4831,Elijah Hughes,1630190,https://ak-static.cms.nba.com/wp-content/uploads/headshots/nba/latest/260x190/1630190.png
4716,Eric Paschall,1629672,https://ak-static.cms.nba.com/wp-content/uploads/headshots/nba/latest/260x190/1629672.png
4832,Facundo Campazzo,1630267,https://ak-static.cms.nba.com/wp-content/uploads/headshots/nba/latest/260x190/1630267.png
4934,Gabe York,1628221,https://ak-static.cms.nba.com/wp-content/uploads/headshots/nba/latest/260x190/1628221.png
4245,Gary Harris,203914,https://ak-static.cms.nba.com/wp-content/uploads/headshots/nba/latest/260x190/203914.png
4722,Isaiah Roby,1629676,https://ak-static.cms.nba.com/wp-content/uploads/headshots/nba/latest/260x190/1629676.png
4943,Ish Wainright,1630688,https://ak-static.cms.nba.com/wp-content/uploads/headshots/nba/latest/260x190/1630688.png
4842,Jae'Sean Tate,1630256,https://ak-static.cms.nba.com/wp-content/uploads/headshots/nba/latest/260x190/1630256.png
4630,Jalen Brunson,1628973,https://ak-static.cms.nba.com/wp-content/uploads/headshots/nba/latest/260x190/1628973.png
4725,Jalen McDaniels,1629667,https://ak-static.cms.nba.com/wp-content/uploads/headshots/nba/latest/260x190/1629667.png
4845,Jalen Smith,1630188,https://ak-static.cms.nba.com/wp-content/uploads/headshots/nba/latest/260x190/1630188.png
3880,James Harden,201935,https://ak-static.cms.nba.com/wp-content/uploads/headshots/nba/latest/260x190/201935.png
4950,Jamorko Pickett,1630691,https://ak-static.cms.nba.com/wp-content/uploads/headshots/nba/latest/260x190/1630691.png
4728,Jarrett Culver,1629633,https://ak-static.cms.nba.com/wp-content/uploads/headshots/nba/latest/260x190/1629633.png
4956,Jay Huff,1630643,https://ak-static.cms.nba.com/wp-content/uploads/headshots/nba/latest/260x190/1630643.png
4847,Jay Scrubb,1630206,https://ak-static.cms.nba.com/wp-content/uploads/headshots/nba/latest/260x190/1630206.png
4732,Jaylen Nowell,1629669,https://ak-static.cms.nba.com/wp-content/uploads/headshots/nba/latest/260x190/1629669.png
4962,Joe Wieskamp,1630580,https://ak-static.cms.nba.com/wp-content/uploads/headshots/nba/latest/260x190/1630580.png
4849,Jordan Nwora,1629670,https://ak-static.cms.nba.com/wp-content/uploads/headshots/nba/latest/260x190/1629670.png
4644,Josh Okogie,1629006,https://ak-static.cms.nba.com/wp-content/uploads/headshots/nba/latest/260x190/1629006.png
4973,Justin Champagnie,1630551,https://ak-static.cms.nba.com/wp-content/uploads/headshots/nba/latest/260x190/1630551.png
3686,LaMarcus Aldridge,200746,https://ak-static.cms.nba.com/wp-content/uploads/headshots/nba/latest/260x190/200746.png
4980,Lindell Wigginton,1629623,https://ak-static.cms.nba.com/wp-content/uploads/headshots/nba/latest/260x190/1629623.png
4754,Luguentz Dort,1629652,https://ak-static.cms.nba.com/wp-content/uploads/headshots/nba/latest/260x190/1629652.png
4982,Luka Garza,1630568,https://ak-static.cms.nba.com/wp-content/uploads/headshots/nba/latest/260x190/1630568.png
4984,Mac McClung,1630644,https://ak-static.cms.nba.com/wp-content/uploads/headshots/nba/latest/260x190/1630644.png
4985,Malcolm Hill,1630792,https://ak-static.cms.nba.com/wp-content/uploads/headshots/nba/latest/260x190/1630792.png
4656,Marvin Bagley III,1628963,https://ak-static.cms.nba.com/wp-content/uploads/headshots/nba/latest/260x190/1628963.png
4864,Mason Jones,1630222,https://ak-static.cms.nba.com/wp-content/uploads/headshots/nba/latest/260x190/1630222.png
4988,Matt Ryan,1630346,https://ak-static.cms.nba.com/wp-content/uploads/headshots/nba/latest/260x190/1630346.png
4989,McKinley Wright IV,1630593,https://ak-static.cms.nba.com/wp-content/uploads/headshots/nba/latest/260x190/1630593.png
4659,Miles Bridges,1628970,https://ak-static.cms.nba.com/wp-content/uploads/headshots/nba/latest/260x190/1628970.png
4661,Mitchell Robinson,1629011,https://ak-static.cms.nba.com/wp-content/uploads/headshots/nba/latest/260x190/1629011.png
4662,Mo Bamba,1628964,https://ak-static.cms.nba.com/wp-content/uploads/headshots/nba/latest/260x190/1628964.png
4993,Moses Wright,1630589,https://ak-static.cms.nba.com/wp-content/uploads/headshots/nba/latest/260x190/1630589.png
4994,Myles Powell,1629619,https://ak-static.cms.nba.com/wp-content/uploads/headshots/nba/latest/260x190/1629619.png
4771,Naz Reid,1629675,https://ak-static.cms.nba.com/wp-content/uploads/headshots/nba/latest/260x190/1629675.png
4995,Neemias Queta,1629674,https://ak-static.cms.nba.com/wp-content/uploads/headshots/nba/latest/260x190/1629674.png
5001,RJ Nembhard Jr.,1630612,https://ak-static.cms.nba.com/wp-content/uploads/headshots/nba/latest/260x190/1630612.png
3849,Russell Westbrook,201566,https://ak-static.cms.nba.com/wp-content/uploads/headshots/nba/latest/260x190/201566.png
5003,Sam Hauser,1630573,https://ak-static.cms.nba.com/wp-content/uploads/headshots/nba/latest/260x190/1630573.png
5007,Scottie Lewis,1630575,https://ak-static.cms.nba.com/wp-content/uploads/headshots/nba/latest/260x190/1630575.png
4671,Shake Milton,1629003,https://ak-static.cms.nba.com/wp-content/uploads/headshots/nba/latest/260x190/1629003.png
5009,Sharife Cooper,1630536,https://ak-static.cms.nba.com/wp-content/uploads/headshots/nba/latest/260x190/1630536.png
4450,Taurean Prince,1627752,https://ak-static.cms.nba.com/wp-content/uploads/headshots/nba/latest/260x190/1627752.png
5015,Trevelin Queen,1630243,https://ak-static.cms.nba.com/wp-content/uploads/headshots/nba/latest/260x190/1630243.png
4799,Vlatko Čančar,1628427,https://ak-static.cms.nba.com/wp-content/uploads/headshots/nba/latest/260x190/1628427.png
5020,Xavier Moon,1629875,https://ak-static.cms.nba.com/wp-content/uploads/headshots/nba/latest/260x190/1629875.png
5022,Yves Pons,1630582,https://ak-static.cms.nba.com/wp-content/uploads/headshots/nba/latest/260x190/1630582.png
3821,J.J. Hickson,201581,https://ak-static.cms.nba.com/wp-content/uploads/headshots/nba/latest/260x190/201581.png
3527,J.R. Smith,2747,https://ak-static.cms.nba.com/wp-content/uploads/headshots/nba/latest/260x190/2747.png
4252,James Ennis,203516,https://ak-static.cms.nba.com/wp-content/uploads/headshots/nba/latest/260x190/203516.png
4283,P.J. Hairston,203798,https://ak-static.cms.nba.com/wp-content/uploads/headshots/nba/latest/260x190/203798.png
3582,C.J. Miles,101139,https://ak-static.cms.nba.com/wp-content/uploads/headshots/nba/latest/260x190/101139.png
3674,J.J. Redick,200755,https://ak-static.cms.nba.com/wp-content/uploads/headshots/nba/latest/260x190/200755.png
4268,K.J. McDaniels,203909,https://ak-static.cms.nba.com/wp-content/uploads/headshots/nba/latest/260x190/203909.png
4189,Otto Porter,203490,https://ak-static.cms.nba.com/wp-content/uploads/headshots/nba/latest/260x190/203490.png
4468,Andrew White,1628510,https://ak-static.cms.nba.com/wp-content/uploads/headshots/nba/latest/260x190/1628510.png
4389,Danuel House,1627863,https://ak-static.cms.nba.com/wp-content/uploads/headshots/nba/latest/260x190/1627863.png
4263,Johnny O'Bryant,203948,https://ak-static.cms.nba.com/wp-content/uploads/headshots/nba/latest/260x190/203948.png
4355,R.J. Hunter,1626154,https://ak-static.cms.nba.com/wp-content/uploads/headshots/nba/latest/260x190/1626154.png
4588,B.J. Johnson,1629168,https://ak-static.cms.nba.com/wp-content/uploads/headshots/nba/latest/260x190/1629168.png
4595,Cameron Reynolds,1629244,https://ak-static.cms.nba.com/wp-content/uploads/headshots/nba/latest/260x190/1629244.png
4006,Enes Kanter,202683,https://ak-static.cms.nba.com/wp-content/uploads/headshots/nba/latest/260x190/202683.png
4042,Marcus Morris,202694,https://ak-static.cms.nba.com/wp-content/uploads/headshots/nba/latest/260x190/202694.png
4660,Mitch Creek,1628249,https://ak-static.cms.nba.com/wp-content/uploads/headshots/nba/latest/260x190/1628249.png
4557,PJ Dozier,1628408,https://ak-static.cms.nba.com/wp-content/uploads/headshots/nba/latest/260x190/1628408.png
4458,Wade Baldwin,1627735,https://ak-static.cms.nba.com/wp-content/uploads/headshots/nba/latest/260x190/1627735.png
4694,Brian Bowen,1628968,https://ak-static.cms.nba.com/wp-content/uploads/headshots/nba/latest/260x190/1628968.png
4700,Charlie Brown,1629718,https://ak-static.cms.nba.com/wp-content/uploads/headshots/nba/latest/260x190/1629718.png
4491,Derrick Walton,1628476,https://ak-static.cms.nba.com/wp-content/uploads/headshots/nba/latest/260x190/1628476.png
4622,Harry Giles,1628385,https://ak-static.cms.nba.com/wp-content/uploads/headshots/nba/latest/260x190/1628385.png
4419,Juan Hernangómez,1627823,https://ak-static.cms.nba.com/wp-content/uploads/headshots/nba/latest/260x190/1627823.png
4765,Michael Frazier,1626187,https://ak-static.cms.nba.com/wp-content/uploads/headshots/nba/latest/260x190/1626187.png
4578,Wesley Iwundu,1628411,https://ak-static.cms.nba.com/wp-content/uploads/headshots/nba/latest/260x190/1628411.png
4802,Zach Norvell,1629668,https://ak-static.cms.nba.com/wp-content/uploads/headshots/nba/latest/260x190/1629668.png
4672,Sviatoslav Mykhailiuk,1629004,https://ak-static.cms.nba.com/wp-content/uploads/headshots/nba/latest/260x190/1629004.png
4649,Kevin Knox,1628995,https://ak-static.cms.nba.com/wp-content/uploads/headshots/nba/latest/260x190/1628995.png
4653,Lonnie Walker,1629022,https://ak-static.cms.nba.com/wp-content/uploads/headshots/nba/latest/260x190/1629022.png
4773,Nicolas Claxton,1629651,https://ak-static.cms.nba.com/wp-content/uploads/headshots/nba/latest/260x190/1629651.png
4880,Robert Woodard,1630218,https://ak-static.cms.nba.com/wp-content/uploads/headshots/nba/latest/260x190/1630218.png
